"","Astrocytes","Bergmann","Candelabrum","Choroid","Endothelial","Ependymal","Fibroblast","Globular","Golgi","Granule","Lugaro","Macrophages","Microglia","MLI1","MLI2","Oligodendrocytes","Polydendrocytes","Purkinje","UBCs"
"GTGGGCGAGCTTCC",0,0,0,0,0.00301282035546983,0,0,0,0,0,0,0.00306485278871034,0,0.359794940848926,1,0,0,0,0.01040525613063
"GTGAAAGTATTTTT",0,1,0,0,0,2.4215391482409e-06,0,0,0,0,0,2.84878981601755e-10,0,0,0,4.92241157997795e-10,0,4.91027929666499e-13,0
"CGACCAACCGTTTT",0,1,0,0,0.000265750481693755,0.0218945465422117,0,0,0,0,0,0,0,0,0.000992144289663044,0.000102683613235665,0,2.28300138372451e-05,0
"TGCCATTCTTTTTT",0,0,0,0,0,0.0602248208471643,0,0,1,0,0,0,0,0,0,0,0,0,0
"AATCTCTATCTTTT",0,0,0.341786672335832,0,0,0,0,0,0,0,0,0,0,1,0.566734873318595,0,0,0.000928324241538282,0
"TCAAGGCCTATTTT",0.00120745237547925,1,3.95625963401695e-16,0,8.94899346674335e-21,0,0,0,0,0,0,0,0,0,0,1.18745144448968e-19,0,0,0
"GCGGCGATGATTTT",4.57192183573451e-07,0,0,0,0,0,0,0.0026475181495495,0,1,0,0,0,0,0,0,1.0080266956242e-06,0,0.000128724908699985
"TGCTGCCAAGGTTT",1.63138865444892e-06,1.55646861792521e-08,0.598181596151745,0,0,0,0,1,0,0.00405959549042987,0,0,0,0,0,0,0,0,0
"CCACTGGTACGTTT",2.56844942193135e-11,6.08534920483221e-13,0,0,0,0,0,0,1.21585580529636e-07,3.90667201780174e-08,0,0,1.44838190715683e-17,0,6.61050696940345e-07,0,0,1,0
"CAGTGTATGAGTTT",0.0849475265943953,1,0,0,3.60448467403603e-22,0,0,0,0,2.36127406647763e-11,0,0,0,1.00922159940364e-13,0,7.76171229082578e-10,0,0,0
"GCCGGATCTTCTTT",7.55823277030472e-12,0,0,0,0,0,0,0,0.076202263585105,1,0,0,5.44516388074013e-19,0,0,0,5.8952699209008e-08,0,0
"CTCGCCCCTTCTTT",1.28210929510413e-13,0,0,0,0,0,0,0,0,1,0,5.10467558418308e-19,0,0,0,0,9.09036017331093e-10,0,0
"TTCAGCTACTCTTT",2.50045172949162e-32,0,0,0,0,0,0,0,0,1,0,0,0,0,0,0,0,0,0
"TCGGAGGGATCTTT",7.86345297341885e-09,0,0.129800608329507,0,0,0,0,0,0,0,0,3.97162673317462e-14,0,1,0.661161316147826,0,0,8.36008531012017e-07,0
"AAGAACGGAGCTTT",1,0.0219449651175032,0,0,0,0.00035935575587107,7.1244059517507e-05,0.000230948493976911,0,0.00300745370457308,0,0,0,0,1.41109658531034e-05,3.49142702761277e-09,0,0,0
"GATCCCGATTATTT",0,0,5.89469761367883e-07,0,0,0,0,0,3.14016009931359e-08,1,0,0,0,0,0,0,0,0,0
"TGCGAAACTGATTT",0.205619550009488,0,0,0,0.0208598552586537,0.169558142913007,0,0.384744649892797,0,1,0,0,0,0,0,0.119365368372662,0,0,0
"GCGCTCATGGATTT",5.19961732602565e-08,0,0,0,0,0,0,0,0,1,0,0,0,0,0,0,0,0,0
"GAGGGTTGTCATTT",0,0,0,0,1.86373614701449e-10,0,0,0,0,1,0,0,0,0,0,0,0,0,0
"TGGGTACCTCATTT",0,0,0,0,0,0,0,0,0.00210216095952635,1,0,0,0,0,0.000275868307311426,0,0,0,0
"TCTTGTGAACATTT",0,0,0,0,0,2.3463047973362e-17,0,0,0,1,0,0,0,0,0,1.33745686019301e-18,0,0,0
"TGGCTGTTGAAGTT",0,0,0,0,0,1.81459553374554e-07,0,0,0,0,0,0,0,1,0,3.09326556064786e-08,0,0,0
"GTCCGCAGTTTGTT",0.000240809940596906,1.22699518218588e-05,0,0,0,0,0,0,0,1,0,0,0,0,0.0726542274726773,0,0,0.00564845033402199,0
"GATCCCTCTTTGTT",0,0,0,0,0,0,3.24763559928777e-05,0,0,1,0,0,1.84572236391656e-07,0,0,0,0,0,0
"AGGTTTCGATTGTT",1.79673445660125e-15,0,0,0,0,0,0,0,0,1,0,0,0,0,0,0,0,0,0
"CACGAACATCTGTT",0,0,0,0,0,0,2.00630595615591e-07,0,0,1,0,0,0,0,0,0,0,0,0
"GGGGGATACATGTT",0,0,0,0,0,0,9.54928537272969e-05,0,0,1,0,0,0,0,0,0,0,1.72784142918771e-06,0
"ACTTTGATAATGTT",0.00415859241630342,0,0,0,0,0,0,0,0.00895829549557992,1,0,0.000250727775358447,0,0,0,0.000200426808118412,0,0,0
"ATCTCTCAAATGTT",4.9230053179109e-11,0,0,0,0,0,0,0,0,1,0,0,0,0,0,0,0,0,0
"GAACTCCGGTGGTT",0,0,0,0,0,0,0,0,0,1,0,0,2.77810031201851e-11,0,0,0,0,0,0
"GCCCAAACGCGGTT",0,0,0,0,4.96422927019589e-07,0,0,0,0,1,0,0,0,0,0,0,0,0,0.0153510113395647
"AGATGGTTGAGGTT",0,0,0,0,0,0,0,0,0,1,0.0852290647151324,0,0,0,0,0.000114354510819887,0,0.000149251378009279,0
"GGTTCCCTGAGGTT",0,0,0,0,0,0,0,0,0,1,0,0,0,0,0.0121328287774597,1.84996511860832e-07,0,0,0
"AAGGCCCTCAGGTT",1.1017086084191e-13,0,0,0,0,0,0,0,0,1,0,0,0,0,0,0,0,0,0
"GCACGCTACGCGTT",0.670113580849904,0.0615623909935194,0,0,0,0.115481911364086,0.44422573611987,0,0,0.313510892724834,0,0,0,0,1,0.00188175076549347,0,0.834271683346669,0
"ACTAACTAGTAGTT",0,0,0,0,0,0,0,0,0,1,0,0,4.95439746033643e-15,0,0,0,0,0,0
"GCATCGATCTAGTT",3.3975113709948e-10,0,0,0,0,0,0,2.61062714084182e-05,0,1,0,0,0,0,0,0,0,0,0
"GTGCATCTTGAGTT",0,0,0,0,0,0,0,0,0,1,0,2.1005623291978e-09,0,0,0,1.57705966167945e-07,0,0,0.0122569122493884
"CCCATGAACGAGTT",0,0,0,0,0,0,0,0,0,1,0,0,1.06276985697658e-09,0,0.000178181594446733,0,0,0,0
"CCGTTCAAAGAGTT",3.44363931971369e-05,0,0,0,0,0,6.86546101238397e-07,0,0,1,0,0,0,0,0,7.06368557032621e-09,0,0,0
"GATCCAATTCAGTT",0,0.0104720624747239,0,0.00213380255056687,0,0,0.0694078811773492,0,0,1,0,0,0.0148704677762505,0,0,0,0,0,0
"CAGGCCGTCCAGTT",1.30260491821818e-07,0,0.00284030948814098,0,0,2.67420970811787e-13,0,0,0,1,0.000620529826980929,0,0,0,0,0,0,0,0
"TGCGAGTACTTCTT",0,0,0,0,0,4.00363363129988e-17,0,0,0,1,0,0,0,0,0,0,0,0,0.00011825736364523
"GCAATCGTAGTCTT",0,0,0.253878286035724,0,0,6.80345414324475e-07,0,0,0,0.000575835344214933,0,0,0,1,0.465106784369971,0,0.000391002250920099,1.96153113599755e-05,0
"CTAAACTGGCTCTT",0,0,0,0,0,0,0,0,0,1,0,0,0,0,0,0,7.88358996914906e-10,0,0
"TCCTTGTAGATCTT",0,1,0,0,0,0.640375071027995,0,0,0,0.573421050750992,0,0,0,0,0.493503070166413,0,0,0.179507562330342,0
"TTTCCGTGAATCTT",5.53041619452515e-08,0,0,0,0,0,0,0,0,1,0,0,0,0,0,0,0,0,0
"AGTCCGCTTGGCTT",0,0,0,0,0,0,0,0,0,1,0,0,0,1.44003706470778e-06,2.20743049141241e-06,0,0,0,0
"AGCTGGGACGGCTT",1.59864740763828e-08,0,0,0,0,3.70653929178704e-10,0,0,0,1,0,0,0,0,0,0,0,0,0
"AATGCGTCTCGCTT",0,0,0,0,0,0,0,0,0,1,0,0,0,0,0,3.13340162843723e-06,0,0,0
"GCTCCCAGAAGCTT",1,0.0595008906330339,0,0,4.08463244143496e-05,0,0,0,0,0,0,1.25383859780988e-05,0,0.0712336201729566,0.0696582975393447,0,0.0384485877349635,0.174197635262899,0
"CAAACGGATTCCTT",0.47294093126912,1,0,0,0,0.0164089433110211,0,0,0,0,0,0,0,0,0,0,0,1.70285688659534e-06,0
"ACTGCCTACTCCTT",0,0,0,0,4.73233831334195e-10,0,0,0,0,1,0,0,1.09450262486006e-09,0,0,0,0,0,0
"CTACCGGTAGCCTT",8.96052714985083e-07,2.83642309851262e-08,0,0,1.06656810818363e-12,0,0,0,0,1,0,0,0,0,4.98032030202744e-05,8.18950352023404e-10,0,0,0
"CGGCAAAACCCCTT",0,0,0,0,0,9.99346403464025e-05,0,0,0,1,0,0,0,0,0,0.819686233399963,0,0,0
"TTGTTTGCTTACTT",0,0,0,0,0,6.84940904444193e-07,0,0,0,1,0,1.11743689197229e-08,0,0.00738492082971567,0.0113267060769115,9.46974091384786e-07,0,2.2956481510736e-07,0.0155070871249382
"GTCTACGGGTACTT",0,8.14167585541189e-11,0,0,0,0,0,0,0,1,0,0,0,0,0,0,0,1.30126130361821e-09,0
"GCAACGAGCTACTT",0,0,0,0,0,0.00190650173795861,0,0,0,1,0,0,0,0,0.0646202295264447,0,0.00484300341660198,0,0
"GAGGATTAATACTT",0,0,0,0,0.0296573182391867,0,1,0,0.553964625808687,0.442236251270462,0,0,0,0,0.0707623229026742,0.0266339344020255,0,0,0
"GTGAAAACCGACTT",0,0.00289991316150018,0,0,0,0,0.0029719811907351,0,0,0,0,0.00172389336734332,0,0.658593306118268,1,0,0,0.0219030249880784,0
"GTTTGCCGAGACTT",0,0,0,0,0,0,0,0,0,1,0,0,0,0,0,0.000105377054378072,0,0,0.0269685055094437
"CTTGTACTTCACTT",0.0720283253870144,0,0,0,0,0,0,0,0,1,0,0,0.000881126960287828,0,0.962463710759458,0.00504193913906122,0,0,0
"GGAAGGCCGCACTT",0,0,0.0691992026369423,0,1.77421590007088e-05,0,0,0,0,1,0,0,0,0,0,0,0,0,0
"GACCTCTAGTTATT",5.0469090152118e-23,0,0,3.64363024682933e-28,0,0,0,0,0,8.57762969748858e-15,0,0,0,0,8.54987323940136e-11,5.00238355813387e-27,0,1,8.18154116681799e-14
"GATGACGGTCTATT",0,0,0,0,0,4.08865084662005e-09,0,0,0,1,0,0,0,0,0,0,0,0,0
"TCAGGTCCAGGATT",0.111342708605418,0.0139941395275673,0,0,0,0,0.0857414042574438,0,0,1,0,0,0,0,0,0.00207172293211589,0,0,0
"GGACTTTGACGATT",0.662481597529507,0,0,0,0.333100334920848,0,0,0,0,0,0,0,0,0,0,0,1,0.0753276068985151,0
"GACTTTCTTAGATT",0,0.000174841615634347,0,1.49841002908164e-05,0,0.000105390912897257,0,0,0,1,0,0,0,0,0.0233578183881435,0.000633624962522937,0,0,0
"CAGACAGCATCATT",0,0,0,0,0,0,0,1,0,0.274867209044137,0,0,0,0,0.502545001799906,0,0,0,0
"TATAACTGTACATT",1,0.270011001822321,0,0,0,2.58637313918217e-06,0,0,0,0,0,0,0,2.82332591802795e-05,1.62431608542926e-05,0,0,5.4189207477229e-09,0
"TTTTGGGCGTAATT",0,0,0,0,0,0,4.21385968110987e-06,0,0.602119179032808,1,0,0,0,0,0.0758112998488151,0,0,0,0
"AGCAGTCTGCAATT",0,0,0,0,1.27468166648054e-08,0,0,0,0,1,0,0,0,0.00255032471170432,0,0,0,0,0
"GGTACAATATTTGT",0.00268718684084335,0,0,0,1.38300255379741e-05,0,0,0,0,1,0,0,0,0.0668815094712092,0,2.51719359532107e-05,0,0,0
"ATTGGGTCTCTTGT",1.78534802238642e-08,0,0,0,0,0,0,0,0,1,0,0,0,0,0,2.55210506063012e-11,0,0,0
"ACCTTTTGGATTGT",1,0.559584342570376,0,0,0.0107499469887608,0.0841246224404014,0,0,0,0,0,0,0,0,0,0,0,3.35286176307136e-05,0
"GCCCGGTACATTGT",1.915897486003e-05,0,0,0,2.30798836833457e-08,0,0,0,0,1,0,0,0,0,0,0,0,0,0
"ATCACATAAGCTGT",0,0,0,0,0,0,1.06748952669983e-06,0,0,1,0,0,0,0,0,0,1.32898487994707e-05,0,0
"GACTTTGGTCCTGT",0,4.50919183225904e-08,0,0,0,0,1.56904770622966e-07,0,0,1,0,7.93702149923268e-11,0,0,0,1.93096498668352e-08,0,0,0
"TTAAGGTTCGATGT",0,0,0,0,0,0,0,0,0,1,0,0,0,0,0,0,9.67418200083994e-06,0,0
"GTTCTCCTTCTGGT",0,1.62339490727653e-05,0,0,1.83853023696845e-08,4.01213273570722e-06,9.8031914393831e-05,0.222739146755449,0,0,0,0,0,1,0.37981300568841,0,0,5.44422629884482e-06,0
"CAACGTGGCCTGGT",0.219776946627973,0,0,0,0.0017196020663702,0,0,0,0,1,0,0,0,0,0,0,0,0.0295162711280412,0
"ACATTTCCGATGGT",0,0,0,0,0,0,0,0,0,1,0,1.41885871654842e-05,0,0.0128827683456563,0,0.000238421306435304,0,0,0
"TGGGGGGCACGGGT",0.000943974158519993,0,0,0,0,0,0,0,0,1,0.0877351158932272,0,0,0,0,0.000877985859564303,0,0,0
"CAGGTTAATAGGGT",8.2488054860706e-08,2.23270725200365e-11,1,0,1.97759019067797e-19,0,0,0,0,0,0,0,0,0,0,0,0,1.5003581998874e-05,0
"AAGGAACGGTCGGT",0.0001280937462535,0,0,0,0,0,0,0.0238753054457267,0,1,0,0,0,0,0,0,0,0,0.0618381813273353
"ACCTTTGAAGCGGT",1.90040598237493e-06,0,0,0,2.59104823037449e-11,0,0,0,0,0.000126573053118954,0,2.86517658488521e-10,0,0,0,1,0,0,0
"TCGCGCCGTCCGGT",0,0,0,0,0,0,0,0,0,1,0,0,0,0,7.86596182608947e-06,0,0,0,0
"GTAGTCCACTAGGT",8.54584982393542e-12,0,0,0,0,0,0,0,0,1,0,0,0,0,0,0,0,0,0
"AGGACAGTACAGGT",0.0030137041944981,0,0,0,4.24513808130641e-06,0,0,0,0,1,0,0,0,0,0,0,0,0,0
"CAGCATGAACAGGT",2.65208606023407e-05,4.75891799416331e-06,0,0,1.29486850403895e-10,0,0,0,0,0,0,0,0,0.0874192420513345,1,0,0,0,0
"TAGGGTGATCTCGT",1,0.659681407212927,0.000855081999109614,0,1.4455016056441e-06,0.0172413247672124,0,0,0,0,0,6.67828361235341e-08,0,0,9.44999945889961e-05,0,0.00346507503851736,0,0
"CGAGAAGTTAGCGT",1,0.904595482860834,0,0,0,0,0.0135985726707659,0,0,0,0,0,5.62472033039505e-05,0.696209461351213,0,0.00101332244513916,0.963747714456346,0.000862218800773909,0.0161288315178199
"ACGGTAATAAGCGT",0.00550654852231177,0,0,0,0,0,0.0227960513721269,0,0,1,0,0,0,0,0.0464969709447006,0.140259007801082,0,0,0
"TTTAGGTTTTCCGT",0,0,0,0,0,0,0,0,0,1,0,0,5.52435430737119e-16,0,0,0,0,0,0
"GTTCTTTCTTCCGT",3.87372803116211e-08,0,0,0,0,0,0,0,0,1,0,0,0,0,0,0,0,0,0
"TTCGTTATTCCCGT",0,0,0,0,0,0,0.000353885723712344,0,0,1,0,0,9.77915565851156e-07,0,0,3.49654416840871e-07,0,0,0
"TTACCGCAGCCCGT",0.0510299738163528,0.00148871274957552,0,3.97257313520981e-14,8.12134540716282e-19,2.42643015062922e-10,0,0,0,6.54116135123895e-05,0,0,9.90773014901938e-17,0,0.000615040949695747,7.66793772179021e-15,0,1,0
"TGCTTGATACCCGT",0.307052201993048,0,0,0.00356982461018727,0,0,0,0,0,1,0,0,0,0,0.0922906784401064,0.0158318340122417,0,0,0
"AATAGGGTCGACGT",1.94596070473999e-05,0,0,0,0,0,0,0.0027529184957906,0,1,0,0,0,0,0,1.20877260348448e-07,0,0,0
"GGGCCTGGGCACGT",0,0,0,0,0,0,0,0,0,1,0.00840140779168379,0,0,0,0,0,0,0,0
"GAACACCGTAACGT",1.86785883245154e-08,0,0,0,0,0,0,0,0,1,0,0,0,0,4.45430496499333e-06,2.72394315688417e-14,0,0,0
"TAGGAAATCTTAGT",6.83618929493909e-11,0,0,0,0,0,0,0,0,1,0,0,0,0,0,0,0,0,0
"AGATGATGAATAGT",3.18700866000145e-07,0,0,0,0,0,0,0,0,1,0,3.6128838815833e-09,1.62656770981461e-09,0,0,0,0,0,0
"CTGCAATGAATAGT",3.4568104141489e-08,0,0,0,0,0,0,0,0,1,0,0,0,0,0,0,4.53988315881349e-06,0,0
"TAGCTCAGAGGAGT",0,0,0,0,0,0,0,0.0463621302126385,0,1,0,0,0,0,0,0,0,0,0
"ACAGAATCTAGAGT",0.00175477812470755,0.000133525417634841,0.0144408854210979,0,0,0,8.45331348146036e-05,0,0,1,0,0,0,0,0,0,0,2.72321137947615e-05,0
"GGTGGACCCAGAGT",0.000555719235565206,0,0,0,0,0,0,0,0,1,0,0,0,0,0,0,0,0,0
"CACACTGTATCAGT",2.51174118518692e-19,0,0,4.98800528355223e-24,0,0,4.65852429520757e-19,0,0,0,0,0,1.73427981424967e-26,0,5.52644577307759e-12,0,0,1,0
"TACTTTTATGACGT",8.4437726346517e-05,0,0.111084390166435,0,0,0,0,0,0.1724127158597,1,0,0,0,0,0.0331683425758105,0,0,0,0.163888909137033
"GCTTGTTATTTTCT",0,0,0,0,0,0,0,0,0,1,0,0,0,2.66896689156541e-14,0,5.39301995420931e-25,0,0,0
"TCACATGTGTTTCT",0,0,0,0,0,8.6753504975026e-05,0,0,0,1,0,0,6.49363794868953e-05,0,0.0323233172319758,0,0,5.20691910351414e-05,0
"CGTTGGAGCCTTCT",0,0,0,0,0,0,0,0.00846493094462201,0.00563680414730981,1,0.0165971375099952,0,1.84645332516255e-09,0,0,0,0,0,0
"TTCGTTCACCTTCT",2.27251847393204e-30,0,0,7.80453153913152e-39,1.46069534428975e-45,0,1.86688259722569e-31,0,0,8.17618736752781e-21,0,0,0,0,5.67201752376584e-19,1.6646449003682e-37,0,1,2.74769338731757e-21
"CTTGCCAGTATTCT",0,0,0,0,0,2.12214007870913e-07,1.9573011411975e-06,0,0,1,0,0,0,0,0,0,0,0,0
"GAAGAACCAATTCT",4.25249906029047e-09,0,0,0,0,0,0,0,0.00130187856758199,1,0,0,0,0,1.25136820432451e-05,0,0,0,0
"CCACTTAAAATTCT",0,0,0,0,0.00856878103944833,0,0,0,0,1,0,0,0.014813507002506,0,0.349302842750943,0.013570009962348,0,0.000896555322455622,0
"ATGAATCGGTGTCT",0,0,0,0,0,0,0,0,1,0.352632215615109,0,0,0,0,0.492571914295481,0.0999500096705352,0,0,0
"ACTCGAGTTAGTCT",1.5612467847715e-10,0,0,0,0,0,2.39629862645925e-12,0,0,1,0,0,0,0,0,0,0,0,0
"TCCGGACGCGCTCT",0,0,0,0,2.36813685223295e-12,0,0,0,0,1,0,0,0,0,0,0,0,0,0
"TTTTTGAAGTATCT",0,0,0,0,0,0,0,0,0,1,0,0,0,0,0,7.31170601472642e-21,0,0,0
"CAGCACATCGATCT",0.0708778125528913,0,0,0,0,0.00412213221099626,0,0,0,1,0,0,0,0,0,0,0,0,0
"TAGCCCTACGATCT",3.92025749666754e-07,0,0,0,0,0,0,0,0,1,0,0,0,0,0,0,0,0,0
"TCCGCCCCAGATCT",1,0.351620555771082,0,0.0048804560693198,0,0,0.113301070633043,0,0,1.77331685102165e-05,0,0,0,0,0,0,0,0,0
"ACTAAGATGCATCT",0.000606829650158943,0,0,0,0,0,0,0,0,1,0,0,0,0,0,0,0,1.91426861235165e-05,0.042458636718459
"ACAACTCGGCATCT",0.446560006643376,1,0,0,0,0,0.252264740812439,0,0,0,0,0.0124133087159912,0,0,0.0255906334667635,0,0,0,0
"AGTGGATAGTTGCT",0,0,0,0,1.20122605330383e-09,0,0,0,0,1,0,0,0,0,0,1.13235975923633e-07,0,0,0
"CATCTCTCTCTGCT",0,0,0,0,0,0.0027241317400165,0,0,0,1,0,0,0.00167689719470462,0,0,0.00854309536247607,0,0,0.318911649812166
"AGCCCGTAGCTGCT",3.00010136713616e-10,0,0,0,0,0,0,0,0,1,0,0,0,0,0,0,0,0,0
"TGAGGTTCGATGCT",0.000774380796217185,0.00024882228150217,0.0520030863242827,0,0,0,0,0,0,1,0,0,0,0,0,0,0,0,0
"CGCAACATGATGCT",0,0,0,0,0,1.87439289836579e-08,0,0,0,1,0,0,0,0,0,0,4.90704203104811e-05,0,0
"AGATTTTAAGGGCT",0,0,0,0,0,4.2458210874034e-12,0,0,0,1,0,0,0,0,0,4.08976962892238e-11,0,0,0
"TCACACGCTAGGCT",0,0,0,0,0,0,0,0,0,1,0,0,0,0,0,4.7115514893482e-08,0,0,0
"CCAATAGACGCGCT",0.000118198791301936,0,0,0,0,9.03449403533728e-06,0,0,0,1,0,0,0,0,0,0,0,0,0
"TCCAGAAAAGCGCT",0,0.00496274194476118,0,0.00328238761191934,0,0,0,0,0,1,0,0,0,0,0,0.00470017392775942,0,0,0
"TTTCCGTGCGAGCT",1,0.817484513195585,0,0,1.22038708850959e-05,0,0,0,0,0.0157991930572776,0,0,0,0,0.0949762109917576,0,0,3.81737402301779e-05,0.0110021572213319
"CAATTAGTAGAGCT",0.138870181621007,1,0,0,0,2.84404526272523e-06,5.51561745410239e-08,0,0,1.55506895924461e-11,0,0,0,0,1.3827958380835e-11,0,1.33417645986612e-06,0,0
"ACTTGAGCCGTCCT",0.00308396385741612,0,0,0,0,0.000779294216599715,0.0215124742479204,0.0996006148433903,0,1,0,0.00014048566393831,5.92144645369149e-05,0,0.0918694172892605,0,0,0.000281540861684335,0
"TCCTGGTCAATACT",2.06105864106691e-10,0,0,0,0,0,0,0,0,1,0.000381059197187771,0,0,0,0,0,0,0,0.000582672876627351
"TTAAAAGCGTTACT",0,0,0,1.0869887084694e-06,6.16119757834157e-08,0,0,0,0,1,0,0,0,0,0.00335474613152631,0,0,3.92493038343116e-07,0
"GGTTTTGTTTGACT",3.98957747450999e-10,0,0,0,0,1.16185202077004e-12,0,0,0,1,0,0,0,0,0,0,0,0,0
"TCGGAAAGAGGACT",0.180649439242725,0,0,0.0282445877567311,0,0,0,0,0,1,0,0,0,0,0,0,0,0,0
"CAACGCACCCGACT",0,0,0,0,1.28398488512406e-30,0,0,0,0,1,0,0,0,0,0,0,0,0,0
"GAAACCCCACGACT",1.74304217171514e-08,0,0,0,0,0,0,0,0,1,0,0,0,0,0,1.66759370645525e-11,0,0,0
"GATCACAGGAGACT",4.980587880557e-06,0,0,0,0,0,0,0,0,1,0,0,0,0.000499300971703103,0,0,0,0,0
"TGGAGTAGCTCACT",0.196368254325559,1,0,0,1.29247703219374e-10,3.77772987761849e-05,0,0,0,9.5736207277072e-07,0,0,0,0,0,0,2.17613248654667e-05,0,0
"GAGCAGTGCGCACT",0.00331503100114411,0,0.235280217993834,0,7.30647174929411e-06,0,0,0,0,1,0,0,1.47394268814304e-05,0,0.143083520505209,0,0,0,0
"TATCCCATAGCACT",0,0,0,0,0.381512615766922,0.24051202684838,1,0,0,0,0,0.0717808584213312,0,0,0,0.0954748188681711,0,0,0.163569582712645
"TCACCCTTCCCACT",1,0.274236288789474,0,0,0,0.416257892026618,0,0,0,0,0,0,0.0193530187411626,0,0.254098922094774,0,0,0.0275692969264687,0.0144281020077893
"CACATTGAGAAACT",2.10058969882048e-14,0,0,0,0,0,0,0,0,1,0,0,0,0,0,0,0,0,0
"TTCGACTAGTTTAT",1.79576189973845e-07,0,0,0,0,0,0,0,0,1,0,2.4558987240091e-11,0,0,0.000171061540560666,0,0,0,0
"GATCTTTCCCGTAT",0,0,0,1.46975686898372e-08,0,0,3.69998404923682e-06,0,0,1,0,0,0,0,0,6.3769723991884e-08,0,0,0
"TTTGAAGGGAGTAT",1,0.000459813196599899,0,0,0,0,0,0,0,2.81954036680679e-12,0,0,0,0,0,2.43032923648661e-22,0,2.33300505330077e-23,0
"TCTTCATATTCTAT",1.12016186399531e-12,0,0,0,0,0,0,0,0,0,0,0,0,0,1,0,0,0,0
"TATTTCTAGTATAT",0,0,0,0,0,0,0,0,0,9.46423169156003e-07,0,0,0,0,0,1,0,0,0
"GCTTCACCCTTGAT",0.00129024261088776,4.88731967372656e-05,0,0,0,3.35048990737293e-06,7.7957801829591e-05,1,0,0.000386886968687706,0,0,1.79277025817289e-11,0,0.902335104013852,1.93280951040565e-08,0,2.21337845718073e-06,0
"AGAACCTCCGTGAA",0,0.141286665954005,0,0,0,0.101428355706699,0,0.160264906884023,0,0,0,0,0,0,1,0,0,0.0479682852467341,0
"GGCTGCAGGATGAT",0.000253614317383235,1,0,1.48126772200927e-21,0,0,0,0,0,1.29079895840715e-21,0,2.76598091115079e-29,0,0,0,0,0,0,2.47780994068417e-21
"CCTACGTAGTGGAT",6.58433687213186e-09,0,0,0,0,0,0,0,0,1,0,0,0,0,0,3.39643295606816e-12,0,0,0
"TGCGCGCACTAGAT",0.000514671865607951,0,0,0,0,0,0,0.0104535958595918,0,1,0,0,0,0,0,0,0,0,0
"ACAGACCATTTCAT",0,0.176067721614429,1,0,0.0115286016961234,0,0,0,0,0,0,0,0,0.868121612793962,0.70974570150033,0,0.688585555213882,0.00123517686340113,0.268378269119877
"GCTTGCACCTGCAT",0.050488523903601,0,0,0,0,0,0,0.0809810346194898,0,1,0,0,0,0,0,0.00201195577627207,0,0,0
"GCAATTGTAGCCAT",3.6586718889971e-07,0,0,0,0,6.44625816464113e-09,0,0,0,1,0,0,0,0,0,0,0,0,0
"GTTCAGTTGCACAT",0.589091575473538,1,0,0,0,0,0.0477063725271068,0,0,0,0,0,0,0.0133181146005364,0.0095096728320341,0,0,0.000901762748081821,0.0039117674217117
"TCATGACATCTTAC",0,0.0278994405047029,0.67157854594482,0.00153367102502118,0,0,0,0,0,0,0,0.000670961372698864,0,1,0.836911764118221,0.00425915104790162,0,0,0
"GTCTCCTTGATAAT",0.00645059422626475,0.000457900861727606,0.0330942577259805,0,0,0,1,0,0,0,0,0,0,0,0.0126349238648139,0,0,2.02743662684866e-05,0
"ACGTGGCCTCGAAT",1,0,0,0,0,0,0,0,0,3.65859530046101e-06,0,0,0,0,0,3.40938742848059e-09,0,0,0
"TTAACCCTGAGAAT",0,0,0,8.53108068952361e-25,0,0,0,0,0,8.92889729866914e-15,0,0,0,0,9.21096862744129e-12,0,0,1,1.11889704508612e-13
"CGTAGTGCGAGAAT",8.287543950838e-06,0,0,0,0,0,0,0,0,1,0,0,0,0,0,0,0,4.51203597195643e-07,0
"TTAAGTTCCAGAAC",0.000102197407541255,5.65678337845976e-06,0,0,0,0,3.21389872086427e-06,0,0,1,0,0,0,0,0,0,0,0,0
"GCGTTTGCAGCAAT",0.000209507027247358,0,0,0,0,7.80314216517211e-06,0,0,0,1,0,0,0,0.0036194094458531,0,0,0,0,0
"CGGGCTCTGTTTTG",0,0.0030613031469732,0,0,0,0,0,0,0,0.0545210129982735,0,0,0,0,1,0,0,0.0496054999110085,0.25965534405072
"GTGAGGAGAGTTTG",0.180806891861357,0,0,0.00034582797252404,0,0,0,0,0,1,0,0,0,0,0.237218738469909,0,0,0,0
"TTAAGTGATATTTG",9.74196416075472e-05,0,0,0,0,0,0,0,0,1,0,0,0,0,0,7.43393748255536e-06,0,0,0
"ATATGGTGGATTTG",0.169946482496735,1,0,1.97258128680295e-09,3.57537009360176e-09,9.97390112301039e-06,0,0,0,0,0,0,0,6.59569664966063e-07,2.56472229993378e-07,0,0,6.02545182143585e-10,0
"TGACGGTGGATTTG",0,0,0,0,0,0,0,0,0,1,0,0,0,0,0,1.64900260282264e-10,0,0,0
"TAAGGCCTCATTTG",2.87885579958023e-10,0,0,0,5.19976829018719e-17,0,0,0,0,1,0,0,0,0,0.000102200198840471,0,0,0,0
"ACCACATGATGTTG",0.579681549392612,0.124281263008342,0,0,0,0,0.123838350614687,0,0,0,0,0,0,0,1,0,0,0,0
"GCGCTATCGGGTTG",0,1,0,0,7.12942098586565e-06,0.00153056268780712,0,0,0,0,0,0,0,0,0,2.06169364975289e-06,0.000239162687633671,0,0
"CAGGCTGGTCGTTG",0,0,0,0,0.000464974111273364,0,0,0,0,0,0,0,0,0,0,1,0,4.04465800512616e-06,0
"TTGAAATCTCGTTG",0.00226395270870051,0,0,0,0,0.000455071039961182,0,0,0,1,0,0,0,0,0,0.000188623003413277,0,0,0
"CTAGATCTCAGTTG",0,1.6405684996619e-07,0,0,0,0,0,0,0,0,0,0,0,0,1,0,0,8.63277166767625e-05,0
"CGGTCCCTATCTTG",0.000153228417323275,0,0,0,0,0,0,0,2.32381605103563e-05,1,0,0,0,0,0,0,3.05864983274714e-05,0,0
"ACCCCGCCCGCTTG",0,0,0,0,0,0,0,0,0,1,0,0,0,0.0104995863986434,0,6.57594105169072e-07,0,1.75093339893813e-06,0.0111639994004888
"CAGACGGGGACTTG",3.45472260443139e-07,0,0,0,0,0,0,0,0,1,0,0,0,0,0,0,0,0,0
"CTTTTTCCCTATTG",1,0.281183214909588,0,0,0,0,0.0388205001589519,0,0,0,0,0.00251019924596365,0.000936266984515692,0,0.00291613717584751,0.000895577027981928,0,4.99455610504306e-05,0
"CGGGTATGAGATTG",0.00116827264630304,0,0,0,0,0,0,0,0,1,0,0,0,0,0,0,0,0,0
"TAAACGTCTAATTG",0,0,0,0,0,0,0,0,0,1,0,0,0,0,0,1.66942289525525e-21,0,0,0
"CGTTCGATTTTGTG",0,0,0,0,0,0,0,0,0,1,0,0,0,0,9.7978542360679e-05,0,0,0,0
"TTTGAATATTTGTG",0,1,0,0,0,0.16389108175263,0.391547475728923,0,0,0,0,0,0,0,0.217787953250929,0,0,0.0286143426197547,0
"CTGCATAGCTTGTG",0,0,0,3.78069301099019e-10,3.82404369370113e-11,0,0,0,0,1,0,0,0,0,0.000415147279016734,0,0,0,0
"CAACCGTACTTGTG",0.0112050245235897,0,0,0,0,0,0.00574943248027992,0,0,0.00885900074115247,0,0,0,0,0,1,0,0,0.0026978963820758
"ACGAGCTCATTGTG",2.08159900626559e-05,0,0,0,0,0,0,0,0,1,0,0,0,0,0.00126370014001047,0,0,0,0
"GCCGTTTCGATGTG",0,0,0,0,0,0,0,0,0,0,0,0,0,0.41960359476785,1,0,0,0,0
"GAACCACAGATCTG",4.60527989562059e-06,0,0,0,0,0,0,0,0,1,0,1.26326373958194e-07,0,0,0.00284683316535553,8.77650089282855e-07,0,0,0
"CTTTGGAAGATGTG",0,0.42305222437983,0,0,0,0.531764280258245,0,0,0,0,0,0,0,1,0,0,0,0.0350698020881234,0
"GTGTCTGGCATGTG",1.08379335043487e-08,0,2.75914508351595e-05,0,0,0,0,0,0,1,0,0,0,0,0,1.42952316553619e-12,0,0,0
"ATGCGATTATCGTG",4.54265823690878e-09,0,0,0,0,0,0,0,0,1,0,0,0,0,0,0,0,0,0
"TCTTGGTCATCGTG",0,1.07515205152403e-09,0,0,0,0,0,0,0,4.06075569466852e-05,0,0,0,1,0,0,0,5.28023823955597e-08,0
"CTAATTGCTCCGTG",2.17967172273407e-05,0,0,0,0,0,0,0,0,1,0,0,2.6566376265758e-07,0.00137293873772121,0.00218651711316122,1.42071049622215e-06,0,0,0
"TTTAATATACCGTG",0,0,0,0,2.21897864528516e-08,0,0,0,0,1,0,0,0,0,0,1.81287674104003e-06,0,0,0
"GATGCCGAACCGTG",0.00799140092865952,0,0,0,0,0.000351197094743528,0,0,0,1,0,0,2.83878143530111e-05,0,0.393388800804543,0,0,0.00169868653391433,0
"TATGAAATATAGTG",3.81079411899508e-07,0,0,0,4.78138139413844e-13,0,0,0,1,0,0,0,0,0.0569253913396408,0.0324875529623398,0,0,0,0
"TGTATCTCCGAGTG",8.26154024473242e-12,0,0,0,0,0,0,0,0,1,0,0,0,0,0,0,0,0,7.05736122777919e-05
"CGGATTCACGAGTG",0.58405447425687,1,0,0,9.35729286492825e-07,0.000498068950405649,0,0,0,0,0,6.00542003090886e-07,0,0,0,1.58027224860653e-05,0,1.26514557068963e-07,0
"TCTTACCATCAGTG",0,8.33104252612266e-24,1.44512623189374e-06,2.69592665786532e-29,0,0,0,0,0,1,0,0,0,0,1.09620491329024e-08,0,0,2.28552251241349e-17,0
"CATGCGAGTAAGTG",0,0,0,0,0,0,0,0.0213033303205303,0.0146702678390353,1,0,0,0,0,0,0,0,0,0
"CACTCATCCAAGTG",0,0,0,0,0,0,0,0,0,1,0,0,0,0,0,0,3.1069251406093e-07,0,0
"TAAATTACGTTCTG",0,0,0,0,0,9.95628473005267e-07,0,0.0162681526827928,0,1,0,0,0,0,0,1.14852409822095e-06,0,0,0
"ACCACCGACTTCTG",0,0,0,0,0,0,0,0,0,1,0,0,0,0,0,2.37282517453471e-11,0,0,0
"CTTAGACACTTCTG",0,0,0,0,0,0,7.34724617939468e-09,0,0,1,0,0,3.73709009485445e-14,0,0,3.37182340063329e-12,0,0,0
"GCACGGCGAGTCTG",5.24950902559582e-07,2.63231474360997e-09,0,0,5.12351270949678e-12,0,0,0,0,8.3595657015968e-05,0,0,0,0,0.00756079073868784,0,2.29578911486687e-05,1,4.36160152058918e-05
"TCCATTCGTCTCTG",0,0,0,0,0,0,0,0,0.000192934360205751,1,0,0,0,0,0,0,0,0,0
"GCACTAATGCTCTG",0.30380733950521,1,0,0,0,6.26925673379556e-05,0,0,0,0,0,3.00700154255185e-09,1.60776998943036e-09,0,0,1.47873964761882e-08,6.27090448295246e-05,9.79244738947311e-12,0
"TAGGGGTGCCTCTG",0,0,0,0,8.59456249028841e-06,0,0,0,0,0.0575108718475746,0,0,0,1,0,7.8468407046411e-05,0,0.00460287046331332,0
"AACTCCCACATCTG",0,0.607124362902996,0,0,0,1,0.556571646425703,0,0,0,0,0,0,0,0,0,0,0.0616116378767551,0.153160968925405
"GTTCTTTTTAGCTG",0.00698335629114196,0,0,0,0,0.0168339535279274,0,0,0,0.00527134578472185,0,0,0,0,0,1,0,0,0
"TGCCTTCTTGGCTG",0,0.000260380560117252,0,0,1.15504482612716e-07,0,0,0,0,1,0,0,2.19525231951556e-08,0,0.0966030818790145,0,0,0.328316748909541,0.16819957589587
"CGGATCCTTGGCTG",0,0,0,0,0,0,0.0024021493119723,0,0,1,0,0,0,0,0,0,0,0,0
"TATGATCTAGGCTG",0.00511570351590712,0,0,0,0,0,0,0,0,1,0,0,0,0,0.292499992772511,0.000106473430219285,0,0.000413603175330713,0
"GAGATCTTGAGCTG",0,0,0,0,0,0,0,0,0,1,0,0,0,0,0.0018816057872648,2.58681438730986e-06,0,0,0
"GGGGCCCGGAGCTG",0,1.75250510876856e-05,0,0,0,0,0,0,0,1,0.0107947365050073,8.51988664801481e-08,1.20536007365052e-07,0,0,0,0,0,0
"TTGAGTGACAGCTG",0,0,0,0,1.83949051898165e-05,0,0,0,0,1,0.160910364241532,0,0,0,0,0,0,0,0
"GCAGGAACCAGCTG",0.273847571955595,0,0,0,0.00472997578778678,0,0.105340728241726,0,0,0.0154013827079067,0,0,0,0,1,0.025378742317671,0,0.180105527764237,0
"GGGCCGAAAAGCTG",0,8.71320177096523e-05,0.752894661699075,0,6.41522226967896e-07,0,0,0,0,0,0,0,0,0,1,0,0,0.00180511293244811,0
"TCATACTTTTCCTG",0.00175128548595085,0,0,0,1.9935031227696e-05,0,0,0,0,1,0,0,1.44881351294301e-05,0,0,0.00020570767704381,0,0,0.0710969939122255
"GCAAGGAGTTCCTG",0.138981677109066,0.0227138179177184,0,0,0,0,0,0,0,1,0,0,0,0,0.405953945536799,0,0,0,0
"CCCTGCCTGTCCTG",0,0,0.652506103809993,0,0,0,0,0.276687766826694,0,0,0,0,0,0,1,2.50659185385042e-14,2.41182623389924e-06,4.64895855858851e-09,0
"AATAGAAGCTCCTG",0,0,0,0,0,1.0756594875092e-07,0,0,0,1,0,0,0,0,0.00823979890506491,0,0,0,0
"ACAGCAGGTGCCTG",0.437324458508606,1,0,0,0.104862707781001,0.125454791632991,0,0,0,0,0,0.00359054424364401,0,0,0.0109378781448935,0.0128994245167359,0,0,0
"GGATGGTTGGCCTG",0,0,0,0,0,0,0,0,0,1,0,0,7.44879645003684e-12,0,0.000119070662456338,1.27730567733028e-09,0,0,0
"AAGCCCGACGCCTG",0,0.895956136926892,0,0,0.0372623495564195,0,0,0,0,0,0,0,0,0,1,0,0,0,0
"GGAGGGTGAGCCTG",0.218785540083905,0.097368478841947,0,0,0.00648011730899941,0,0,0,0,1,0,0,0,0,0,0,0.292348460253925,0,0
"GGCTGGTCAGCCTG",0.00564143154213561,0.00211771647572014,0,0,0,0,0,0,0,1,0,0,0,0,0.0728018390513903,0.152697978625548,0,0,0
"GCCGCTCAAGCCTG",2.03327444175448e-14,0,0,0,0,0,0,0,0,1,0,0,0,0,0,0,0,0,0
"TTGTCCTGTCCCTG",2.71569978530738e-09,1.620622447101e-11,0,0,0,0,0,0,0,0.000436065148856885,0,0,0,1,0,1.95131337741616e-19,0,0,0
"AAGAGGGGTCCCTG",0,0,0,0,0,0,0,0.0127324307807942,0,1,0,0,0,0,0,0,0.000309815149443132,0,0
"CCAAATTATCCCTG",1,0.909501099095941,0,0,0,0.0674459782721387,0.0129990962721952,0,0,0,0,0,0,0.231380750508857,0,0,0.196673011319098,0,0
"CCCCAACTTCCCTG",6.18615264442955e-12,0,0,8.08927365592007e-16,0,8.96527675031794e-14,9.07429197231751e-11,0,0.00434059653013384,0,1,0,0,0,0,1.27094325508048e-14,0,4.17715000848383e-14,0.0748999545276016
"CTATTCAGGCCCGG",1.93436512245623e-10,0,6.92922422210556e-10,1.33636604816093e-14,0,1.62792110557345e-12,7.12744824851878e-10,0,0,0,0,0,2.97919998724683e-16,0,0,1,0,0,1.88001682493432e-10
"TTGACAGTCCCCTG",0,1,0,0,0,0.0259380878154271,0.213041656421258,0,0.915693486111811,0.559733023974029,0,0,0,0,0.722754956407362,0,0,0,0
"TCTACCTCACCCTG",6.3807322359344e-07,0,0,0,1.10192349641376e-09,0,0,0,0,1,0.00150990837478575,0,0,0,0,9.77287716119079e-09,0,0,0
"TTCTTGCATTACTG",7.47292114693535e-13,0,0,0,0,0,0,0,0,1,0,0,0,0,0,5.97629174209522e-16,0,0,0.000121089533699413
"TCGGGTACGTACTG",0,0,0.0836191680962007,0,0,0,0,0,0,0.116922507526155,0,0,0,0,0,1,0,0,0
"GTTATTGACGACTG",0,0,0,0,0,0,0,0,0,1,0,0,0.000778933115725482,0,0,0,0,0,0
"GAAAGGTTGCACTG",1.67642762190493e-06,0,0,0,0,3.78506611151386e-08,0,0,0,1,0,0,0,0,0,0,0,0,0
"GTCAAAAGCCACTG",0,0,0,0,0,0,0,0,0,1.34378878675574e-06,3.26826282107183e-06,0,0,0,0,1,0,0,0
"CGAACCACGAACTG",0,0,0,1.5153952954259e-11,0,0,0,0,0,1,0,0,0,0,0,0,0,0,0
"TGCTACCCGATATG",1.28097117158212e-08,0,0,0,0,0,0,0,0,1,0,0,0,0,0,0,0,0,0
"TACGAGTCCGCATG",0,0,0,0,0.00129624299641915,0.0128869874235709,0,0,0,1,0,0,0,0,0,0.000966939927035872,0,0,0
"ATTGCTATAGCATG",0.00199084049607851,0,0,0,0,0,0,0,0,1,0,0,0,0,0.0148871620101687,2.09651905302788e-05,0,0,0
"CGAACGTAAGCATG",8.55210335690666e-08,0,0,0,0,0,0,0,0,1,0,0,0,0,0,0,0,0,0
"GAGAGACAAGCATG",0.00416658695661652,0,0,0,0,0,0,0,0,1,0,6.20710466940712e-05,5.2974781920837e-05,0,0,0,0.0573764134890473,0.00101455595258417,0
"ATCTTTTACTAATG",0,0,0,0,0,0,0,0,7.48124930019355e-10,1,0,0,0,0,0,0,0,0,0
"CACGCACACGAATG",0.00528689063480367,0.00114400870027162,0,0,0,0,0,0,0,1,0,0,0,0,0.0794531132740142,0,0.0213709757531589,0,0
"AAGTGTTGTAAATG",1.22720280530952e-06,0,0,0,0,0,0,0,0,1,0,0,0,0,0,0,0,0,0
"TGAGGGCTAGTTGG",0,0.0631831678936265,0,0.000540528555772007,0.0185916480869077,0,1,0,0,0.0210571146214555,0,0,0,0,0.0304645049842899,0.0537683106790938,0,0.00186564429947445,0
"GATACAGCAGTTGG",0,7.5121683789528e-07,0,0,0,2.94348945030214e-08,0,0,0,1.86440142012917e-05,0,0,0,1,0,0,0.000101941208596481,0,0
"ACCACCAGACTTGG",0.0529946910734934,0,0,0,0,0,0,0,0,1,0,0.00858330387466071,0.0115007307684806,0,0,0,0,0,0.0315780671309626
"CGTTTGAAACTTGG",1.68443212402911e-06,0,0,0,8.44993168266584e-09,0,0,0,0,1,0,0,0,0,0,8.36466538761337e-08,0,0,0
"TGGCCCCAGAGTTG",0,0,0,0,1.42405598113796e-05,0,0,0,0,1,0,0,0,0,0,0.000241622304351056,0,0,0
"CACCCGTGCAGTGG",1,0.409379123879361,0,0,0,0.00329456521202405,0,0,0,0,0.00362034003165391,0,0,0,0.00188819775221746,0,0.015587164642951,0.00140333692510538,0.000506216297161625
"AGGGCGAAGGCTGG",0.00158401734988075,0,0,0,0,0,0.00400968763089582,0.0182827318850084,0,1,0,6.5198798358298e-06,7.99764784805352e-07,0,0,0,0,0,0.105998973349794
"GTTCATCTCACTGG",8.49045714280084e-08,0,0,0,0,0,0,0,0,1,0,0,0,0,0,0,0,0,0
"ACTGTTAGTGATGG",5.55762995974282e-08,0,0,0,0,0,4.16222138633537e-08,0,0,1,0,0,0,0,0,0,0,0,0
"GGCACTTTCGATGG",0.134131714453037,1,0,3.174527051164e-06,0,0.00104882309824472,0,0,0,0,0,0,0,0,7.62125289185843e-05,7.6828690497763e-06,0,1.16739115246712e-08,0
"ACTTCGGATTTGGG",7.14861540643376e-05,0,0,0,0,0,0,0,0,1,0,0,0,0,0.0067618662010385,2.83080768363752e-07,0.00145137016654809,0,0
"GATGACTATCTGGG",0,0,0,0,0,0,0,0,0,0,0,3.53776951774982e-07,0,1,0,6.04039806661938e-06,0,0,0
"TAACGGTCATTGTG",0.000820466513450128,0,0,0,0,0,0.000162976162392907,0,0,1,0,0,0,0,0,6.52054895991538e-08,0,0,0.0189386330166758
"GGCTGCCGTATGGG",0,0.000449324248729191,0,0,2.01519465035627e-07,0,0,0,0,0,0,0,0,1,0,3.95926113792039e-06,0,4.2773027257951e-05,0
"AGCACCTAAATGGG",0,0,0,0,0,0,1.79834320610261e-05,0,0,1,0,0,0,0.000935081857104954,0,0,0,0,0
"TTCGGCCATGGGGG",0,0,0,0,0,0,0,0,0.0745645223904196,1,0,0,0,0,0.0287153001341978,0,0,0,0
"TGGGCCTGAGGGTG",0,0,0,0,0,0,0,0,0,1,0,0,0,4.58073921572945e-05,0,0,0,0,0
"AGCTTTAGGCGCCG",0.28466053481971,0,0,0,0.0193815412052281,0,0,0,0,0.953042663820392,0,0,0.0138467541352977,0,0,0,1,0,0
"ATACCGCCCCGGGG",0.272586603531237,0.00317309167636355,0,0,0,3.06510588062283e-05,8.00679967373346e-05,0,0,0,0,0,0,0.940158985984204,1,0,0,3.91274200347802e-09,0
"CCTCAAACTAGGTG",0.255782752608966,0,0.389439560017154,0,0,0,0.298327854652268,0,0,1,0,0,0,0,0.272898130456235,0.0502329649520609,0,0,0
"GCGGCCCTGAGGGA",1,0.220923048451867,0,0,0,0,0,0,1.15333736552944e-07,6.34432307464412e-06,0,0,0,0,1.09258150349653e-06,0,0,2.85434835432776e-10,0
"ACTTTTCGGAGGGG",0.000157044345335224,8.31847972782436e-06,0,0,3.5410103447975e-08,2.1528186194399e-05,0,0,0,2.52843521275774e-06,9.71263818996932e-06,0,0,0,0,1,0,3.00936860169153e-10,0
"TTGACTCAGAGGGG",0,0,0,0,0,0,1.05896757592272e-07,0,0,1,0,0,0,0,0,5.9707506899407e-10,0,0,0
"CGACTTGCCAGGGG",0,0,0,0,0,0,0,0,0,1,0,4.19303537029802e-18,0,0,0,0,0,0,0
"GCGGGGTGAAGGTG",1.39606785561819e-05,0,0,0,0,0,0,0,0,1,0,0,3.29790400143113e-08,0,0,0,0,0,0
"CATTCGTCTTCGGG",0,0,0.0156209001847432,0,0,0,0,0,0,1,0,0,0,0,0,0.206721343920203,0.269057603308076,0,0
"TGCGAACCCTCGGG",1,0,0,0,0,0,0,3.05855318232019e-08,0,1.209416291362e-08,0,0,6.18942318113734e-14,0,0,0,0.00016253609505393,0,0
"TCCTTCTGATCGTG",1.48565817048285e-10,0,0,0,0,0,0,0,0,1,0,0,0,0,0,8.90251445596934e-14,0,0,0
"CTGTCGTTAGCGTG",0,0,0,0,0,0,1.83809624865446e-09,0,0,1,0,0,5.33560636212247e-16,0,0,1.57753758026903e-13,0,0,0
"ACGACCACTCCGGG",0.00256679388088998,0,0,0,0,0,0,0,0,1,0,0,0,0,0,4.70603961640361e-05,0,0,0
"TCCATTCAGCCGGG",6.91294965475289e-07,0,0,5.53987248186942e-11,0,0,0,0,0,1,0,0,0,0,0,0,0,0,0
"TTGAGTTATTAGGG",0.494896326897084,1,0,0,0,0,0,0,0,0,0,0,0,0,0.0298439885078759,0,0.100483787948059,0.00894236273651857,0
"TAGGCACCCTAGGG",0.000962320693331412,0,0,0,2.9484830999739e-07,0,0.00479661516922157,0,0,1,0,0,0,0,0,0.552261205836921,0,2.60957340661673e-07,0.161650465332191
"TATATGACCGAGGG",0.0644347500928998,1,0,0,0,9.98243311997352e-09,0,0,0,2.2985226000051e-11,0,0,0,0,0,9.87810243955233e-15,0,2.95816751958214e-18,0
"CACGGTGAAGAGCG",0,0,0.0173630106930292,0,2.28303976770381e-08,0,5.05553376044829e-05,0,0,1,0,0,0,0,0,0,0,0,0
"CTGACCAGTCAGGG",1.77826450329195e-12,0,0,0,0,0,0,0,0,1,0,0,0,0,0,0,0,0,0
"GGAGGGGCTCAGGG",0,0,0,0,0,0,0.00584598425326917,0,0,1,0,0,0,0,0,0.000297647058136785,0,0,0
"TTGCTCCTAGTCGG",0,0,0,0,0,0,0,0,0,1,0,0,5.6103866041039e-28,0,0,0,0,0,0
"GCCCATCTGTCCGG",0.736853048939252,1,0,0,0,0.0430249409014379,0,0,0,0,0,0,0,0.10488905396004,0,0.000649085169410002,0,0.00196116740544716,0
"GAACAACACTCCGG",7.37775896827782e-08,0,0,0,0,0,1.40689958536079e-08,0,0,1,0,0,0,0,0,4.71689932334436e-12,0,0,0
"GACACAACAGCCGG",0,1.66879894403524e-10,0,0,0,1.00375151445639e-10,7.61085919857881e-09,0,0,1,0,0,0,0,1.85567230798509e-05,0,0,0,0
"GTGGAATCGCCCGG",0.468770002653038,1,0,0,1.66304946070503e-08,0,0.000153194728188961,0,0,2.03147146151962e-05,0.000294587017924062,0,0,0,0,0,0,0,4.08092144062351e-06
"ACAGGCAAGCACGG",0.138729759296754,0,0,0,0,0,0,0,0,1,0,0,0,0,0,0,0,0,0.0290159005725259
"TGCCACATTTTAGG",0.000102101157622847,0,0,0,1.27710774568036e-07,0,0,0,0,1,0,1.4093682110563e-06,8.85195114310545e-07,0,0,0,0,0,0
"CGGAGCTGCCTAGG",0.0404999975170958,0,0,0,0,0,0.0185618788256648,0,0,1,0,0,0,0,0,0,0,0,0
"ACCAAAAGGATAGG",0.0181344556483851,0.0104615299024675,0,0,0,0,0,0,0.0224644509714835,1,0,0,0,0.0640832178985113,0,0.000564745452961049,0,0.000472268323904735,0
"CCAGTGTCACGAGG",0,0,0,5.86026545538285e-09,0,0,0,0,0,1,0,0,0,0,0,0,0,0,0
"CTTCAAGAACGAGG",1.02828654454399e-05,0,0,0,0,0,0,0.0197213663373112,0,1,0,2.88493064494955e-08,0,0,0,0,0,0,0
"CTAGGGAGTAGAGG",0,0.27438808177555,0,0,0,0,0.0104275914625856,0,0,0.320379035039164,0,0,0,0,1,0,0,0.0624160606839351,0
"TAGGTTGACAGAGG",0.160193519785446,0,1,0,0,0,0,0,0,0.517613821386019,0,0,0,0.122663236437649,0,0,0,0,0
"TTAGGGCCTTCAGG",0.0189397029163631,0,0,0,0,0.0012412302807613,0.00078759046413918,0,0,1,0,0,0,0,0.0393817505179272,3.14667463650599e-05,0,0,0
"CGTAGGAATTCAGG",0,0,0,0,0,0,0,0,0,1,0,0,0,0,0,0.00115085445615605,0,0,0
"GCCGTCTGATCAGG",0,0,0,1.33829866082524e-09,2.70603785786292e-09,0,0,0.00418682480658074,0,1,0,0,0,0,0,0,0,0,0
"ACACAAGACGCAGG",0,0,0,0,0,0,0.000629150957537791,0,0,0.0185065454545287,0,5.70439711833433e-07,0,0,0.00108840485978733,1,0,0,0
"ATCAAAAGGACAGG",0,0,0,0,0,0,0,0.0226885720128445,0.011790528333289,1,0,0,0,0,0,0,0,0,0
"TGCTTCTAAGAAGG",0.826559191881644,1,0,0,0,0.0791542845286922,0,0,0,0,0,0,0,0.000761153039522716,0,0,0,0,0
"AGCACAGTCCAAAA",1.55745811561619e-08,0,0,0,0,0,0,0,0.000137197545700218,1,0,1.18788573968205e-12,0,0,0,0,0,0,0
"GAGTTGTAATTTCG",0,6.01412733579255e-05,0,0,0,0,0,0,0,1,0,0,0,0,0,0,0,0,0
"CTGGCGTCAGTTCG",0.109331242409703,0.282831373382444,0,0,0,0,0.0311142770699469,0,0,0,0,0,0,0,1,0.0145465549621767,0,0.0506654981905563,0
"CGAGACTGGATTCG",0.00143186712068471,0,0,0,0,0,0.000196786975886118,0,0,1,0,0,0,0,0,1.92960154637933e-07,0,0,0
"TACTCAGCATCTCG",1,0.976192158714027,0,0,0,2.88225719120393e-09,0,0,0,3.24418772269277e-13,0,0,0,0,2.91386803568587e-12,1.33895190556886e-11,0,0,0
"AAGCCAATGCCTCG",0,1.29669989176589e-08,0,0,0,0,0,0,0,0,0,0,0,1,0.0734244496591232,0,0,0,0
"AACTGTTGCGATCG",1,0.262943558457483,0,0,0,6.33508738451087e-06,8.71667015426047e-06,0,0,0,0,0,0,0,3.31908042912652e-09,0,0,2.38325425615522e-13,0
"CGAAAGTACGATCG",0,0,0,0,0,0,0,0.701203222864995,0,1,0,0,0.00308798713396347,0,0,0.00246225011733233,0,0,0
"CGGACACCTTATCG",0.000224357814729403,0,0,0,0,0.000108689464478239,0,0,0,1,0,0,8.57978664058959e-05,0,0,0,0,0,0
"TGCTGACGATTGCG",2.95433781817471e-07,0,0,0,0,0,0,0,0,1,0,0,0,0,0,0,0,0,0
"TTTGCGTGAGTGCG",2.24512970311192e-07,0,0.000365400602750947,0,0,0,0,0.000894203248247345,0,1,0,0,0,0,0,0,0,0,0
"CTGCTACCTCGGCT",0,0,0,0,9.5362146774184e-07,0,0,0,0,1,0,0,0,0,0,0,0,0,0
"GTGCCGTGATCGCG",8.89611639588902e-20,0,0,0,0,0,0,0,0,1,0,0,0,0,0,0,0,0,0
"TTCTGACCTGAGCG",0.00669876231300669,1,0,0,0,0,0,0,0,0,0,0,0,1.00038820004509e-17,0,0,5.57595660187305e-10,0,0
"CTTACAAATCTCGG",0,0,0,0,0.292153063383799,0,0,0,0,1,0,0,0,0,0,0.531358532090424,0,0,0
"ACACTTTTATACCG",1.46802719643517e-08,0,0,0,0,0,0,0,0.0619858525424016,1,0,0,0,0,0.0227570023255944,0,0,0,0
"ATAATAATAGACCG",1.27919932070444e-05,0,0,0,1.56039958014694e-08,0,0,0,0,1,0,0,0,0,0,0,0,0,0
"TTGTGCCCATGACG",0.00228243589095688,7.39204214803095e-05,0.0140065518785304,0,0,1.64114064211905e-05,0,0,0,1,0,0,0,0,0,2.63398147404557e-06,0,0,0
"CAGGATAAAGCACG",0,0,0,0,6.38995103388142e-06,0,0,0,0,1,0,0,0,0,0.00936117398168896,7.00058703927225e-05,0,0,0
"CTTTAAAATCTTAG",0.00636929258202228,0,0,0.00086500289145092,0,0,0,0,0,1,0,0.00024197368505556,0,0.044695462619407,0,0,0,0,0
"TGTTCGGTCAGTAG",0.0188160020483916,0,0,0,8.48803800384585e-06,0,0,0,0,0,0,7.71005988280869e-05,5.6188524901155e-05,0.44020100782893,1,0,0,0,0
"TCCGGCGATTCTAG",4.29727281737366e-05,0,0,0,5.11403111177735e-08,0,0,0,0,1,0,0,0,0,0.000348322943561757,3.37016883080747e-09,0,0,0
"ACCATATGTCATAG",0,0,0,0,5.34407563833979e-07,0,0.0034061697891348,0,0,1,0,0,0,0,0.00239253683720508,0.0082689384169672,0.134192437419195,0,0
"GTTTGGTACCATAG",1,0,0,0,0,0,0.658387489444774,0,0,0.536687324548077,0,0,0,0,0,0.109568151703721,0,0,0
"GGGCCAGTTTTGAG",0,0,0,0,0,0,0,0,0,1,0,0,0,0,0.0698094768220598,0.0194581296322318,0,0,0
"AGCAATCCGTTGAG",0,0,0,0,0,0,0,0,0,1,0,0,0,0,0,0,2.45598271763547e-10,0,0
"TTTAGCACTCTGAG",0.00155173169706412,0,0,7.06914998870404e-06,0,0,0,0,0,1,0,0,0,0,0.129218226929279,0,0,0,0
"TCCGATGTGATGAG",0,0,0,0,0,9.20154934770703e-07,0,0,0,1,0,0,0,0,0.00522296230167269,6.01577441617142e-07,0,0,0
"TTCTGTCTCTGGAG",0,1,0,0,0,0,0.00501962016949592,0,0,0.0347550978418131,0,0,2.58276017693262e-05,0,0,0,0,3.18304559988241e-05,0.00800404609615689
"TTCTCGAGAGGGAG",0.83209607320165,1,0,0,0,0.228017915218462,0,0,0,0,0.209507538262271,0,0,0,0.331841505295066,0.0740038045912154,0,0,0
"TAATGCTCAGGGAG",0.017636510472657,0,0,0,0,0,0,0,0,1,0,0,0,0,0,0.000488818602505381,0,0,0
"TTTCTGTGCCGGAG",0.0558013400188837,0.00394731183557586,0,0,0,0.0145948522404682,0,0,0,1,0,0.000316790283098355,0,0,0,0.00453885581983424,0,0,0
"GCAACATTTAGGAG",0.000945671927951842,0,0,0,0,0.000344547022164105,0,0,0,1,0,0,0,0,0,0,0,0,0
"TGTTCAAACAGGAG",0.10577212937323,1,0,0,5.42715112668197e-07,0.00099934458931343,0,0,0,3.58076391306161e-06,0,0,0,1.47628780683771e-05,0,3.49394962877505e-06,0,0,0
"CCTCCGATAAGGAG",0,0,0,0,0,0,0,0,0,1,0.00361645323224779,0,0,0,0,0,0,0,0
"TTAGGCAAAAGGAG",1,0.143736389148909,0,0,4.62100886813603e-09,4.2725892894133e-05,0,0,0,0,0,3.36670316295917e-11,0,0,0,0,0,7.06926304965308e-06,0
"GTACACTGCCCGAG",1,0.420607089859666,7.93821940217084e-05,0,6.09405796627568e-08,0.000312704510287873,0.000603592918924522,0,0,1.11400979192998e-06,0,0,0,1.30273749958737e-05,0,1.04907215437204e-08,0,4.27261171494252e-10,0
"AGTCGGCATTAGAG",0.000125476025020077,0,0,0,0,0,0,0,0.135185129337596,1,0,1.43705772704975e-06,0,0,0.0288240325436138,0,0,0,0
"GTTCACACGTAGAG",0.120112486144336,0,0,0,0,0.119490611598977,0,0.409760452645894,0,1,0,0,0,0,0,0,0,0,0
"TAGCCCTTTGAGAG",0.000112833038434661,0,0,0,0,0,0,0,0,1,0,4.20876514608974e-07,0,0,0.00603046555147085,1.33675628253221e-05,0,0,0
"GTTATCAACGAGAG",4.57407561417762e-06,0,0.000872459949200567,0,0,4.96009777782765e-08,1.77236124704195e-07,0,0,1,0,0,0,0,0,8.33008635971772e-10,0,1.14951764333668e-08,0
"CTTCCGGTAGAGAG",0.00315407109145676,0.000364592479809445,0,0,0,0.000112145829792383,0,0,0,0.0825494764224582,0,0,2.23003020076374e-07,0,1,0,0,0.222839718515408,0.0556832077612415
"TACAAAATAGAGAG",0,0,0.0119561743207781,0,0,0,0,0,0,1,0,0,0,0,0,0,0,0,0
"ACACCATAATTCAG",8.15789216753717e-11,0,0,0,0,0,0,0,0,1,0,0,1.54448120679065e-21,8.43758172347481e-08,0,0,0,3.84020070239909e-14,0
"ATCGCGTGGATCAG",0.000811889497681281,8.82614498233963e-05,0,0,9.59674749842426e-20,1.85266697130636e-11,0,0,0,0,0,0,0,3.7590311967497e-09,8.93163208211999e-10,0,1,4.4668026112265e-19,0
"GCGGATCTTTGCAG",3.65541916491291e-10,0,4.91922699983376e-06,0,0,0,0,0,0,1,0,0,0,3.73141178949147e-08,3.39007366125945e-07,0,0,0,0
"GTGGGCGCTTGCAG",0.00235620261762525,0,0,0,0.000103682982231791,0,0,0,0,1,0,0,0,0,0,0.000288965571410108,0,0,0
"GCCCCGAGTAGCAG",0,0,0,0,4.84153038024125e-16,0,0,0,0,1,0,0,0,0,0,8.09835277630236e-13,0,0,0.000922403047164757
"CAGCAATAGAGCAG",0,0,0,0,0,3.57720521479927e-08,0,0,0,1,0,0,0,0.000732811517113651,0.000957329558642116,1.05028223542397e-08,0,0,0
"TGAAACCTATACAG",8.36571346212388e-12,5.26529269962951e-13,0,7.06447355358823e-22,2.15234138894862e-28,0,0,0,0,0,0,0,0,0,4.91267019018571e-10,0,0,1,2.33996824160073e-11
"GAGGTGGCATACAG",0,0,0,0,0,0,0,0,0,1,0,0.000133865944579983,0,0,0.0572702709452662,0.000324271398178194,0,0,0
"GCGGCTCTGGTAAG",0,5.87216544591163e-10,0,0,1.80649514767582e-12,0,0,0,0,1,0,0,0,0,8.44889538756237e-05,0,0,0,0
"TCTATTGCTCTAAG",0,0,0,0,0,0,0,0.0174470041437509,0,1,0,1.3064869885196e-08,0,0,0.0079593501279291,2.10801684576565e-06,0,0,0
"CGCCGATATATACG",1.77176417352202e-05,0,0,0,2.86234152042286e-10,0,0,0,0,1,0,2.49777261244428e-09,0,0,0,0,0,0,0
"GAGAACAGGATAAG",0.0580862661798176,0,0,0,0,0,0,0,0,1,0,0.00359492735243894,0,0,0,0,0,0,0.0532579503397993
"TCTATTCAGATACG",1,0,1.87429459681538e-05,0,0,0,0,2.95940932898746e-05,0,9.66541659607926e-06,0,0,0,0,0,0,0,0,9.32793468816868e-06
"AATCCGATAGGAAG",3.74524944558986e-16,0,0,0,0,0,0,0,0,1,0,0,0,0,0,0,0,0,0
"TTCAAACATAGGAG",0,0,0,0,0,0,0,0,0,1,0,0,0,0,0,0,0,8.17127311528314e-06,0
"CCACCGGGGAGACG",0.000498146982635548,0,0,0,0,0,0,0,0,1,0,3.10946120792605e-06,0,0,0,0,0,0,0
"AGGTTTCACAGACG",4.30655575329804e-06,0,0,0,0,3.34794118315858e-07,0,0,0,1,0,0,0,0,0,0,0,0,0
"AATCACCCAAGAAG",0,0,0,0,0,0,0.114622286369997,0,0,1,0,0.0146040607486551,0.00776457387298903,0.667572498472281,0,0,0,0.0337521529438522,0
"ACATCACATTCAAG",0.0101397730191233,0,0,0,0,0,0,0,0,1,0,0.000410828783041972,0,0,0,0.179099052558966,0,0,0.139102550420271
"ACTACCATCGCAAG",1,0,0,0,0,0,0.163017344937822,0,0,0,0,0,0,0,0,0.0940266301669614,0.0516534701522192,0,0
"ACAAGGACGCCAAG",0,0,0,0,0,4.06821073161254e-08,0,0,0,1,0,0,0,0,0.000452964336358031,0,0,0,0
"TACTTGTCTGAAAG",0.000254377668519303,0,0,0,0,0,0,0,0.064720596506664,0,0,0,0,1,0,1.48761983123131e-05,0.0193363241550911,0,0
"TGCAGAAGCGAAAG",1,0,0.120726531287632,0,0.000313181734312366,0.0399313791365004,0,0,0,0.900255542737159,0,0,0,0,0,0,0,0,0
"GCCGGGCTCAAAAG",0.160846713344916,0.00853617553678799,0,0,0,0,0,0,0.147864844186518,1,0,0,0,0,0,0.0144086503504154,0,0,0
"GTCACGTGTTTTTC",0,0,0,0,0,0,0,0,0,1,0,0,0.00341080700438159,0,0,0.0117354950984427,0,0,0
"CACCCCCCCGTTTC",1.51447725368368e-13,0,0,0,0,0,0,0,0,1,0,0,0,0,0,0,0,0,0
"CGAAAAAGGAGTTC",0.0139677303514911,0,0,0,0,0,0,0,0.179553200733178,1,0,0,0.000314186416413827,0,0,0.000283114588436041,0,0,0
"AGACACGATTATTC",2.88190101336837e-11,0,0,0,0,0,0,0,0,1,0,0,0,0,0,0,0,0,0
"TCTTAGACGATGTC",0,0,0,0,0,0,3.5009935227216e-07,0,0,1,0,0,0,0,0,4.13738503856769e-08,0,0,0
"GGCTGTTGCATGTC",0,0,0,0,0,0,0,0,0,1,0,3.26651406036889e-06,0,0,0,2.07101896451891e-05,0,0.000266838709918573,0
"CTTGGGCTTAGGTC",8.51186673192723e-08,0,0,0,0,0,0,0,0,1,0,0,0,0,0,0,0,0,0
"CCTGAGCAAGCGTC",0,0,0,0,5.84857678360937e-07,0,0,0,0,1,0,0,0,0,0,9.54483135890369e-05,0.00273583192581935,0,0
"CTGCTAGCACCGTC",6.48840022074439e-10,0,0,8.72481002587992e-13,0,0,0,0,0,1,0,0,0,0,0,0,0,0,0
"CTTCTAACCTAGTC",1.15747009266605e-05,0,0,0,0,0,0,0,0,1,0,0,0,0,0,0,0.000237983832260705,0,0
"AGTTTTGACCAGTC",1,0.46796355859289,0,0,0,0.0390013180769794,0.0935001976563677,0,0,0,0,0,0,0.791453230757693,0.879931914579889,0.00108966163377895,0,0,0
"AGAGCTCTCTTCTC",0.00123196600462846,0,0,0,0,0.00017446996440723,0,0,0,1,0,0,9.111899510192e-06,0,0,0,0.00793746535377468,0,0
"TCTGCGGGTTGCTC",0,3.30409358286322e-11,0,0,0,0,0,0,0,1,0,0,0,0,0,0,0,0,0
"TGGTAAGTAGGCTC",0.102175480151361,1,0,0,0,7.02655016578573e-09,0,0,0,4.27938757069963e-09,0,8.04399531838593e-19,0,1.46742614155346e-08,9.43174644292784e-09,4.09839790755579e-14,0,6.59312536342801e-14,0
"CGAATGCTGGCCTC",1,0.762373073171344,0,0,0,2.32815145692618e-07,0,0,0,0,0,0,0,0,9.89853172301342e-07,0,0,2.42983278552288e-09,0
"ACATTTGGGGCCTC",0,0,0,0,0,8.7704420316482e-05,0,0,0,0.000162149120216166,0,6.44694462137362e-06,4.80970201146746e-06,0,0,1,0,0,0
"AGTCGGCCCGCCTC",0.517091824288992,1,0,0,0,0.0852153926219127,0.143297933320107,0,0,0,0,0.00229073471978776,0,0,0.00412201532593387,0,0,0.00136369276112301,0
"TACTTCCAAGCCTC",0,1.20672090666675e-10,0.0207866174035979,0,0,0,0,0,0,0,0,0,0,1,0,1.5050110366508e-13,0,0,0
"GCTTTTAGATACTC",1.17161284108033e-07,0,0,0,0,0,0,0,0,1,0,0,0,0,0,0,0,0,0
"GCTTTTCTGAACGC",0.00265877947040817,0,0,0,0,0,0,0,0,1,0,0,0.000562402957463869,0,0,0.000862812758518282,0,0,0
"CACTGGTCCAACTC",0.0111532316203828,0,0,0,6.08064730975733e-05,0,0,0,0,1,0,0.000224798150913725,0,0,0,0,0.00407461285135382,4.76204653783382e-05,0
"CTGCTCATGCTATC",0,0,0,0,0,8.66356585670919e-07,0,0,0,1,0,0,0,0,0.0015537611417898,2.58349579038593e-07,0,0,0
"CATATTTCTATATC",0,0,0,0,0,0,8.61298308159941e-07,0,0,0,0,0,0,2.80006759950226e-05,2.03183318691472e-05,3.9631899992445e-08,0,1,1.54271160686733e-05
"CCCACAGTTAGATC",1.14719919777068e-11,0,0,0,0,0,0,0,0,1,0,0,0,0,0,0,0,0,0
"CGACGGGATGCATC",0,0,0,0,0.000160780613399217,0,0,0,0,1,0,0,0,0,0.03130387261135,0.00116403788610722,0,0,0
"GTACAGTCCTTTGC",0.008247393992885,0,0,0,0,0,0,0,0.055585754076279,1,0,5.8711097046207e-06,0,0,0,0,0,0,0.258526460863927
"CACGGCCATATTGC",8.14487704661431e-15,0,0,0,0,0,0,0,0,1,0,0,0,0,0,0,0,0,3.5380419777967e-06
"TACTTTACAATTGC",0,0.0334615753024307,0,0,0,0.14883339319442,0,0,0,0.116008362899379,0,0,0,0,1,0.0154033454514354,0,0.0270346640745332,0
"GGGACGTGTAGTGC",0.160358797928227,0.0599211353809062,0,0,0,0,0,0,0,0.0531150153052842,0,0,0,0,1,0,0,0.000534121696191879,0
"CTTATCATAGCTGC",0,0,0,0,0.126957312647715,0,0,0,0,1,0,0,0.679909630869516,0,0,0,0,0,0
"TTGCAGATTTATGC",0,0,0,0,0,7.92274850126337e-05,0.000859190883851742,0,0,1,0,0,0,0,0.0435805772374433,0,0,0.000507611889527518,0
"TGGGGTGCGTATGC",0,0,0,0,0,0,0,0,0,1,0,3.01304851411431e-07,0,0,0,4.77707911832845e-06,0,0,0
"ACTGACCGATATGC",0.00025444769999068,0,0,0,0,0,5.69225412943335e-05,0,0,1,0,0,3.65430080997924e-07,0,0,4.18469766002644e-06,0,0,0
"GTCTACTTTGATGC",0,0,0,0,0,0,4.38173961685436e-10,0,0,1,0,0,0,0,0,1.78604814546798e-11,0,0,0.000619559982114469
"GATGATCGCAATGC",0,0,0,0,0.0511398390210487,0.0406604720877197,0,0,0,1,0,0,0,0,0,0,0,0,0
"AGTTTGAGGCTGGC",0,1.41961405914504e-08,0,0,0,0,4.26401504559768e-07,0.000741386850397216,0,1,0,0,0,0,0,2.70359144521185e-09,0,0,0
"CCATGTGAGCGGGC",0,0,0,0,0,0,8.63645179168095e-05,0,0,1,0,0,0,0,0,1.44573911878761e-05,0,0,0
"GGCTGACCGACGGC",0.0822273283874499,0,0,0,0,0,0,0,0,1,0,0,0,0,0,0.440070399319768,0,0,0
"CGCTAAATCAGCGC",0,0,1.43895977964057e-05,5.40275641016663e-08,0,2.32137066190085e-06,0,0,0,0,0,3.146942495725e-08,3.98414023887911e-08,0,3.89486730572864e-06,1,0,0,0
"CGAGAAGGGCCGGC",0.000531204649503881,0,0,0,0,0.000200240852028965,0.00069458308494297,0,0,1,0,0,0,0,0.0189348273960499,7.04037548773703e-05,0.00841697967532831,0,0.0960477781914633
"ATTCTGGCACCGGC",0,0,1,0,0,0,0.154054014701766,0,0,0,0,0,0,0,0.744826524704157,0.0307997965744502,0,0.199588128901233,0
"ATGGGCATAGAGGC",0,6.54593020263118e-15,0,0,0,0,0,0,0,1,0,0,0,0,0,0,0,0,0
"GAGGCGTTGCTCGC",0.567662162550168,0,0.131851898405061,0,0,0.871456465185418,0,0,0,1,0,0,0,0,0,0,0,0,0
"TAAGAGGTGCTCGC",0,0,0,0,0,0,0,0.0057361497168348,0,1,0,0,0,0,0,0,0,0,0
"GCAAGAATACTCGC",0,0,0,0,0,0,0,0,0,1,0,0,6.75017361937326e-06,0,0.0128751132157868,0,0,0,0
"GTAAGGTAAATCGC",0.189619017097324,0,0,0,0,0,0.40834795350491,0,0,1,0,0,0,0,0,0,0,0,0
"GGGGACCTCGCCGC",0.26927645413767,0,0,0,0.00313629075887896,0.0861024587360508,0,0,0,1,0,0,0,0,0,0.0092042261766653,0.27898960302919,0,0
"CCTAGAAACGGCGC",0,0,0,0,0,0,6.05917039166696e-06,0,0.00508024279846517,1,0,0,0,0,0.00439523549356022,0,0,3.15628988810231e-06,0
"TAAGGCTGAGGCGC",0,0,0,0,0,0,0,0,0,1,0,0,0,0,0,3.55292509093223e-11,0,0,0
"CAGGGTCGCGGCGC",0.000822171982980708,0,0,0,1.47561585850696e-07,0,0,0,0,1,0,0,0,0,0,1.93456647302667e-06,0,0,0
"AAGGCTCTTAGCGC",1,0.605906626984679,0,0,0,0.00014562642696891,4.04816286636503e-05,0,0,0,0,0,0,0,3.74759477804076e-06,0,0,0,0
"CAGTGCGATTCCGC",0,0.000144734037506896,0,0,0,0,0,0,0,0.00712290744603696,0,0,0,1,0.381920181590012,6.22992841728959e-05,0,8.98292010461207e-05,0
"CGCTTTCCCTCCGC",1.63538905511489e-19,0,0,0,0,0,0,0,0,1,0,0,1.82599102295124e-30,0,0,0,0,0,0
"TAGTCCCCATCCGC",0.00468062970442038,0.000450677493268868,0,0,0,0,0,0,0,1,0,0,0,0,0,1.88769306460185e-07,0,0.0109276527811505,0.225185227904406
"GATGGTACATCCGC",5.72411757304578e-06,0,0,1.80642613193188e-08,1.7887295405608e-09,0,0,0,0,1,0,0,0,0,0,8.54131872446838e-08,0,0,0
"GTTAGGCGTCCCGC",0.620072306157674,0.2174166069419,0,0,1.68526654747333e-09,3.04078694237586e-05,0,0,0,0,0,0,0,1,0.602459294362713,0,0,5.20063326746977e-08,0
"CGCCTAATGCCCAC",3.91736819503919e-07,1.61683331114281e-09,0,0,0,1.10010939879926e-13,0,0.000491731861831319,0,1,0,0,0,0,0,0,0,0,0
"TAGGGTGCACCCGC",0,0.000259130431117978,0,0,0,0,0,0,0,0,0,0,0,1,0.956490313252312,0.000139556859959406,0,0,0
"ATGGGGACACACGC",0,0,0,0,5.82268367359776e-05,0,0,0,0.122659081226925,1,0,0,0,0,0,0.00182925608396556,0,0,0
"CTTTTGATAAACGC",0.000890663905274083,0,0,0,4.81205438370663e-08,6.89422015195849e-06,0,0,0,1,0,0,0,0.00626829111621949,0,0,0.000217965637311996,7.19262564159324e-08,0
"TGGACAACAATAGC",0,0,0,0,0,0,0,0,0,1,0,7.14258250694846e-07,1.07557036721699e-06,0,0,0,0,0,0
"CTCAAACTTCGAGC",0,0.00194929911583316,0,0,0,0.327040436949493,1,0,0,0.414890190586552,0,0,0,0.0582570744400366,0,0.0021008643324191,0,2.8326331984099e-06,0
"GGTTTTTCAGCAGC",5.05339887750824e-16,0,0,0,0,0,0,0,0,1,0,0,0,0,0,0,0,0,0
"TCGCCTCTTCCAGC",7.70159912580072e-12,0,0,0,0,0,0,0,0,1,0,0,0,0,0,0,0,0,0.000165486763024428
"CGGCATCACGAAGC",0,0,0,0,0,0.00484746597061596,0.0413447457075087,0,0.0989802549492248,1,0,0,0,0,0,0.000328241289442958,0,0,0.313353545140172
"TGCTTTACTCAAGC",0.00131281017032846,0.000405202282463469,0,0,1.815452928993e-06,0,0.000651501051834248,0,0,1,0,0,0,0,0,7.79048561530231e-05,0,0,0
"CGAAATCATTTTCC",0.0001577717522105,0,0,0,0,0,0,0.0545545820308899,0,1,0,0,0,0,0,0,0,0,0
"GGCAAACCCTTTCC",5.2487585435437e-09,0,0,0,0,0,0,0,0,1,0,0,0,0,0,0,0,8.10106290059709e-10,0
"AGCGTTGTCGTTCC",0.000339511043488047,0,0,0,0,0,0,0,0,1,0,1.74998707065485e-06,0,0,0,1.32999136265739e-05,0,5.80765978705744e-06,0
"AGAGTTGCAGTTCC",0,0,0,0,0,0,0,0,0,1,0,0,0,0.000189034058337273,0,6.92514788351562e-07,0,0,0
"CCATGTCTCCTTCC",0.141775792194428,0,0,0,7.62058219741118e-05,0.012671202803527,0,0.193658069874189,0.034217640375512,1,0,0,0,0,0,0,0,0,0
"GACCTCAACCTTCC",4.59299897067242e-12,0,0,0,2.93382116412578e-19,0,0,0,0,1,0,0,0,0,0,0,0,0,0
"AAAGACATCATTCC",0,0,0,0,0,0,0,0,0,1,0,1.42493664868369e-14,0,0,0,0,0,0,0
"ACTACTGTAATTCC",8.23715713542789e-05,0,0,0,0,0,0,0,0,1,0,0,0,0,0,2.20661536582428e-05,0,0,0
"GGGACGACTGGTCC",1.55014360794009e-06,0,0,0,1.02022825453905e-09,0,0,0,0,1,0,0,0,0,0,1.00534726460107e-07,0,0,0
"GAACCCACCGGTCC",4.12621269394635e-09,0,0,0,0,0,0,0,0,1,0,2.31700297345618e-14,1.30360843412045e-14,0,0,6.82976383203286e-12,0,0,0
"GTACCCCAAGGTCC",1.62225515020628e-06,0,0,0,0,0,0,0,0,1,0,0,0,0,0,0.913115429455821,0,0,0
"AGGGAATATAGTCC",0,0,0,0,0,0,0,0,0,1,0.0100762583593728,0,0,0,0,0,0,0,0
"ACCTGTCAGAGTCC",0.0282353270142582,1,0,1.74633823459161e-21,0,5.38591887049493e-14,0,0,0,2.41627776266941e-15,0,0,0,0,0,2.3701048528416e-20,2.78715122237855e-09,0,0
"GTTGATGCCAGTCC",0.00046006622911261,0,0.00256183453409666,0,0,0,0,0,0,1,0,0,4.38318788523884e-12,0,0.000952812699725225,0,0,0,0
"ATTGGATTAAGTCC",2.50602550365411e-14,3.05672636398139e-17,0,7.12480495239255e-21,9.41154168283003e-23,0,0,0,0,0,0,0,0,1.27318449851311e-07,1.43316832248541e-07,0,0,1,0
"CTCCCGCCGTCTCC",1,0.825309449554331,0,0,0,0.233790395633291,0,0,0,0,0,0,0,0.152291169672742,0,0,0,0.017499913365989,0.0232498035669466
"ACCTTTACTGCTCC",3.57748981337851e-08,0,0,0,0,0,0,0,0,1,0,0,1.49871782925756e-15,0,0,0,0,0,0
"CGCTCCTATGCTCC",0,1.23592907625452e-16,0,1.1292372918068e-23,0,4.91650309923732e-18,0,0,0,1,0,0,0,0,0,0,0,0,0
"GCATGTCTGTATCC",0,0.425970626110282,0,0,0,0,0,0,0,0.0171443053487005,0,0,0,0,0,1,0,0,0
"ATACCCACGTATCC",2.76840250202804e-11,0,0,0,0,0,0,0,0,1,0,1.00576125100301e-16,0,0,0,1.24667565404587e-15,0,0,0
"TGGCCCAGTGATCC",0,0,0,0,0,0,0.233438207248481,0,0,1,0,0,0,0,0.846286240430566,0.207211657242102,0,0,0
"ACTGTGTCGGATCC",1.20689431516635e-07,0,0,0,0,0,0,0,0,1,0,0,0,0,0,1.88578110929429e-10,0,0,0
"CTACCGGTCGATCC",1.24401779988163e-11,0,0,0,0,0,0,0,0,1,0,0,0,0,0,0,0,0,0
"ACTATTTCCGATCC",1,0.00524588744471431,0,0,0,9.27769558401913e-07,0,0,4.269376941494e-09,0,0,5.23244127472294e-14,0,0,0,2.65612336434773e-10,0,0,8.94118616958255e-10
"TTCTGCTCAGATCC",0,0,0,0,0,0,0,0,0,1,0,0,0,0,0,0,0,1.74567740200687e-14,0
"AAGAGCGATCATCC",0.00120349720974162,1.51308857092678e-06,0,0,0,0,0.00167996942535006,0,0,0.43305267236599,0,0,0,0,1,0.014981316481651,0,0.343899206556331,0.211511517588452
"AACGGATAACATCC",0,0,0,0,0,0,0,0,0,0,0,0,0.000356125586013068,0.834693801297495,1,0.00177842124604467,0,0.00560724179379946,0
"AATGGGGAACATCC",0.00050969204583159,0.000127573423009166,0,0,0,0,0,0.37300595345339,0,0,0,0,6.35306402978461e-09,1,0.392431647874276,0,0,0,0
"TTTTCGATATTGCC",1.0213678309852e-07,0,0,0,0,0,2.64409530581433e-08,0,0,1,0,0,0,0,0.000363418186996859,0,0,0,0
"CTCAGCGTCCTGCC",0,0,0,0,0,0,0,0,0,1,0,0,0,0,2.43381974622352e-06,0,0,0,0
"TGAAACATGATGCC",1,0.350520700700363,0,3.18233083495212e-19,0,0,0,0,0,1.385990215148e-08,0.104677600183429,0,0,0,0,1.08351343297557e-18,0,0,0
"CGGGGGAGAATGCC",0,0,0,0,0,0,0.000739630791824562,0,0,1,0,0,0,0,0,0.0186996653184457,0,0,0
"CTCTGTAGATGGCC",0.042673835745482,0,0,0,0.0447071871930837,0,1,0,0,0.252275479451192,0,0,0,0,0,0.000526325038543302,0,0,0
"CGAACTACTGCGCC",0,0,0,0,0,0,0,0,0,1,0,0,2.78955587683179e-05,0,0.0143664725793425,0,0.0136497070078372,0,0
"TGTCTCAGGAGGCC",9.02148775825531e-18,0,0,0,0,0,0,0,0,1,0,0,0,0,0,0,0,0,0
"TCTTTGGTCAGGCC",1.44886314338704e-06,2.08072104817972e-08,0,0,1.70493601030669e-11,0,0,0,0,0,0,0,0,1,0.269613244633044,1.0795890053934e-10,0,1.13341492052439e-05,0
"AAGTGCCACTCGCC",7.70125614345928e-12,0,0,0,0,0,0,0,0,1,0,0,2.77399806822124e-20,0,0,9.06836724608571e-18,0,0,0
"GCAAGCGCCCCGCC",0,0.084176402068144,0,0,0,0,0.141764565580079,0,0,0,0,0,0,1,0.50081368059129,0.0154913347763486,0,0,0
"GACGTCACCCCGCC",1,0.515403709101999,0,0,0,0.0132002396832545,0.381645064727489,0.0243809810704343,0,0.00201216558129389,0,0,0.000112720611449915,0.0115804371834802,0.0191297910779188,0,0,8.19194009798087e-06,0
"CTTGTAAGTTAGCC",0,0,0.0467036864896872,0,0,0,0.0338125163921216,0,0,0.571185775731893,0,0,0,0,0,1,0,0,0
"CCAAACGCCTAGCC",1.24852707885522e-20,0,0,0,0,0,0,0,0,1,0,0,0,0,0,0,0,0,0
"ACCCTGTGATAGCC",0.0282137912470716,0.00265397447090553,0,0.00154399414740309,0.00378120142599153,0,0,0,0,0,0,0.0046406500506803,0.00384814337220959,0.708684929980955,1,0.00236093799460133,0,0.0102276500505576,0
"CTGAGGTCCGAGCC",1.31230636927128e-07,0,0,0,0,0,0,0,0,1,0,0,0,0,0,0,0,0,0
"TGTTTGATAGAGCC",0.0417343765371789,1,0,0,0,0,0,0,0,1.49988139950452e-11,0,0,0,1.43114489434395e-12,2.32806919480156e-11,2.0962774451461e-17,7.55698000161325e-08,0,0
"CATCCAATTCAGCC",2.40589952125751e-11,0,0,0,0,0,0,0,0,0,0,0,0,1,0,0,0,0,0
"TCATGTGCGATCCC",0.218116875926637,0.0123283167215755,0,0,0,0.000552459734074505,0.436700612057462,0,0,0.703563744965757,0,0,1.34374763628481e-07,1,0,5.43568600204672e-05,0,0,0
"ATGCGGTCCGGCCC",9.5194605166388e-08,0,0,0,0,0,0,0,0,1,0,0,0,0,0,2.51645062240538e-10,0,0,0
"CCATTTCCTTCCCC",0,0,0,0,0,0,0,0,0,1,0,0,0.00330782839462969,0,0,0.0105192425199514,0,0,0
"CGCTTCTAGTCCCC",0,0.00117858029703011,0,0,0,0.00021184971933839,0,0,0,1,0,0,0,0,0,0,0,0,0
"CGCCCCCCACCCCT",0,0,0,2.97118933638801e-13,0,1.16982988724991e-10,0,0,0.0401688475632133,0.0036048967255639,1,0,0,0,0.012032668493851,4.26040862808743e-13,0.0130815565466531,0,0.0189687153141732
"TCAGCCCCCAACGC",0,0,0,0,0,0,0,0,0,1,0,8.04695208649153e-10,0,0,0,0,0,0,0
"TAGTCCCCTCTACC",0,0.0764079479731959,0,0,0.00981810801808005,0.0338681983897501,0,0,0,1,0,0,0.010653757082296,0,0.255986227126773,0,0,0,0
"TCAACCAAGCTACC",0,0,0,0,0,0,0,0,3.09108068737562e-07,1,0,2.39521695480162e-17,0,0,0,0,0,0,0
"TATTTTCCCCTACC",7.68723263104421e-06,3.28692235498689e-07,0,0,0,7.3784350836868e-08,0,0,0,1,0,0,0,0,0,0,0.000752089419293727,0,0
"CTGTGGACCATACC",1.04049718431603e-19,0,0,0,0,0,0,0,0,1,0,0,0,0,0,0,0,0,0
"CGGCTGGCTCGACC",0,0,0,0,0,0,0,0,0,1,0,0,0,0,0,0.000811594731532997,0.264754798494091,0,0
"TATTGGGCGCGACC",0.00321372548253577,0,0,0,0.00011780492027963,0,0,0,0,1,0,0.000574243836563223,0.000285802171736525,0,0,1.99720461790257e-05,0,0,0
"GCCGCCCCTAGACC",5.64618411120636e-08,0,0,0,0,0,0,0,0,1,0,0,3.93811209492975e-12,0,0,0,0,0,0
"AGAAGCCTCTCACC",0,0,0,0,0,0,0,0,0,1,0,0,0,0,0.00100118018289649,8.11653888464245e-09,0.00017835102596174,0,0
"TCTACGTCCTCACC",1,0.176801424281939,0.0723616620971948,0,0.0445926357925007,0,0,0,0,0.0247148370361734,0,0,0,0,0,0,0,0.00780509110867792,0
"TGCGGGCCTCCACC",1,0.255620262314227,0,0,0.00967690508970567,0,0,0,0,0,0,0,0,0,0.497311424929178,0.0213507351822751,0.369632588854324,0.0341246607688683,0
"TATTATGTGCTACC",0,1,0,0,0,0.33174348819279,0,0,0,0,0.0993149828854015,0,0.243524008836112,0,0,0.197477902451918,0,0.106259531540591,0
"TACTTTGTGCCACC",0,1,0,0,0,0,0,0,0,2.87671485361426e-12,0,0,0,1.81841248770145e-10,3.50567768071371e-10,0,0,0,0
"CTCAGTGTGCCACC",0.00475539959755043,0,0,0,0.000860016188104316,0,0,0,0,0,0,0,0,0.335999268129757,1,0,0,0,0
"CAAATAAAAACACC",0.00596273871736577,0,0,0,0,0.00032398681766076,0,0,0,1,0,0.000399019826047968,0,0,0.0990719488939874,0.00013752976672748,0,0,0
"CGACATGAGTAACC",3.94435121399191e-06,0,0,0,1.57186756803631e-08,0,0,0,0,1,0,0,0,0,0,3.7561260067959e-07,0,0,0
"CCAGACTTATCACC",0,0,0,0,0,0,0.189733102285205,0,0,1,0,0,0,0,0,0.118835801789295,0,0,0
"CCCTTAAAAGAACC",0.00111295148389703,0,0,0,0,0,0,0,0,1,0,0,8.55898228088482e-06,0,0,0,0,0,0
"CAGCGAATACAACC",2.85522606521215e-07,0,0,0,0,1.76446684522997e-08,0,0,0,1,0,0,0,0,0.000180253393985454,0,0,0,0
"TCACATGTGTTTAC",2.89246657268865e-08,0,0,0,0,0,0,0,0,1,0,0,0,0,0.000193362043774422,1.98586966719047e-11,0,0,0
"TAGACGGCCTTTAC",6.3305051131917e-07,0,0,0,0,0,0,0,0,1,0,0,0,0,0,3.74264175992895e-10,0,0,0
"GAAGGGTTGCTTAC",0.376682303243426,1,0,0,7.29487554389125e-15,0,0,0,0,1.16830924232179e-07,0,0,0,2.21481737450217e-08,5.60919097026606e-08,0,4.31088804182194e-05,0,0
"CGGGGGCACCTTAC",1,0.625603889076701,0,0,0,0.650579669420247,0,0,0,0,0,0.0117204940422487,0.00393328522736333,0.216445137249537,0.1049961981296,0,0,0.015034649094133,0.0375516174240922
"CTATGTCTCATTAC",0,0,0,0,0,0,0,0,0,1,0,1.96720691553977e-10,0,0,0,0,0,0,0
"CTTCACAGGGATAC",1,0.561344235063897,0,0,0,0.0185124086131106,0.0123379821588488,0,0,0,0,0.000236659780916409,0,0,0.000123725653499399,0.00453936147849573,0,0,0
"GTTCGCAGCCATAC",0,8.04826688219784e-13,0,7.78127216195908e-16,3.09355413085858e-18,1.65297834441895e-13,0,0,0,0,0,0,0,0,3.63951054222085e-05,0,0,1,0
"GTGAAATCTATGAC",0.0261550254798641,0.00265381410139676,0,0,0,3.41711091740159e-05,0.00233342277939751,0,0.00341302141493988,0,0,0,0,0,0.252714712007476,0,0,1,0
"AGACTTAAAGGGAC",0,0,0,0,0,1.03292416878089e-06,0,0,0,1,0,0,0,0,0,0,0,0,0.0107420410302019
"AGGCTTCATCGGAC",0,1,0,0,0.0780067645379977,0.0782024574387365,0,0,0,0.001070830673557,0,0,0,0,0,0.00852427644011129,0,0,0
"ATGACCACGAGGAC",0,0,0,0,0.000540717596538001,0,0,0,0,1,0,0,0,0,0,0.0106805871958484,0.0624818985783786,0,0
"TCGCATCGCGCGAC",0,0,0,0,0,0,0,0.000177617710536565,0,1,0,0,0,0,3.07896633723985e-05,0,0,0,0
"CCCTTCCTCGAGAC",0,2.62829930241373e-13,0,1.71739978390565e-18,2.44161930194057e-20,0,0,0,0,2.84410207205003e-06,0,2.18370111895363e-18,0,1,0,0,0,0.000495551403971212,0
"GAAACGTATTTCAC",0.636092880813271,0.555796216932434,0,0.154889604595772,0,1,0.322109970064477,0,0,0,0,0,0,0,0,0.142980629524141,0,0.0443291581716534,0
"ACCGAAGCGATCAC",0,0,0,0,0,0,0,0,0,1,0,0,5.94427271284092e-08,0,0.0109721778127784,0,0,0,0
"ATGATACCGATCAC",1.1133869533064e-14,0,0,0,0,0,0,0,0,1,0,0,0,0,0,0,0,0,0
"AGCAGCCTCTGCAC",1.01129023727934e-07,8.16745372142098e-09,0,0,0,0,0,0,0,1,0,0,0,0,5.59513679079936e-05,1.13966565690452e-09,0,0,0
"AAGCGCGATGGCAC",0.000584716320792346,0,0,0,0,0.000115065901358223,0.000303288488594706,0,0,1,0,0,0,0,0,8.400495535635e-06,0,0,0
"ATCGACGAGCGCAC",0.733391003707223,1,0,0,0,0,0.0892872951511587,0,0,0.024241767645094,0,0,0,0,0,0,0,0.00525079271214089,0
"TAGATGCTGAGCAC",5.09645017454966e-05,1.11848224242705e-05,0,2.76125636841476e-13,0,5.14931805463129e-11,0,0,0,0,0,0,7.80880961809521e-21,0,7.07985805604392e-07,0,0,1,0
"GGAAAAAGGAGCAC",0,0,0,1.4384662685265e-06,1.01536928795899e-07,1.89432279085272e-06,0,0,0,1,0,0,0,0,0,0,0,0,0
"TTAGTAGATGCCAC",0,0,0,0,5.81497541130252e-10,0,0,0,0,1,0,0,0,0,0,0,0,0,0
"ACGGGTCGCGACAC",0,0,0,0,0,0,0,0.0104982964407901,0,1,0,0,0,0,0.00258799408461483,1.99734530181058e-10,0,7.70202608189429e-08,0
"TATGCGCTAGACAC",0,0,0,0,6.3498133656585e-14,0,0,0,0,1,0,0,0,0,0,0,0,0,0
"AGGCGCTGATTAAC",0,0,0,0,2.05553437390826e-09,0,0,0,0,1,0,0,0,0,0,0,0.00200537026480032,1.38144246840276e-06,0.018335402494067
"AAGACCTGTATAAC",4.32935369805924e-10,0,0,0,1.10501308869648e-18,0,0,0,0,1,0,0,0,0,0,2.66486376164361e-15,0,0,0
"AAGCAGGATTGAAC",0.023917412472797,0,0,0,0,0.0211636116143745,0.105876447664276,0,0,0,0,0,0,0,0.00248318811990538,1,0,0.000314009842845946,0
"AACATAGGGCGAAC",0.0129594431083495,0.00412141582346972,0,0.000734666480231524,0.00100722867502284,0.00802132057523965,0,0,0,1,0,0,0,0,0,0,0,0,0
"TACCTCCCGCGACC",2.92864102142099e-28,0,0,0,0,0,0,0,0,1,0,0,0,0,0,0,0,0,0
"GAGCGTGCTAGAAC",4.588446277671e-13,0,0,0,0,0,0,0,0,1,0,0,0,0,0,0,0,0,0
"CTAGAAAATAGAAC",0,0,0,0,0.231603012115839,0,0,0,0,0.972052541603366,0,0.60331584747057,0,0,0,1,0,0,0
"CACTTGGCCAGACC",0,0,0,0,0,0.0383275354807099,0,0,0,1,0,0,0,0,0,0,0.295148758310122,0.00987601018794295,0.688930819803924
"CCGTCTGTTTCAAC",6.5683774140852e-10,0,0,0,0,0,0,0,0,1,0,1.99794969615015e-13,0,0,0,0,0,0,0
"GCATGGTAGTCAAC",0,0,0,0,0,0,0,0,0,1,0,0,0,0,0,0,0,3.85207686341552e-13,0
"ACCCGACGCGCAAC",0.690839211565887,0,0,0,0,0.0160776253248078,0,0,0,1,0,0,0,0,0,0.00654669753218323,0,0,0
"GTGGCGCATCCAAC",0,0,0,0,0,1.00691962885385e-08,0,0,0,1,0,0,0,0,0,0,2.3795983971786e-05,0,0
"TCAGTGCTGCCAAC",0.252035803559415,0.146858889993087,0,0,0.0198054524011616,0,0,0,0,0,0,0,0.0032710444007565,0,1,0,0,0.0371606235813185,0
"CCTCCCCTGGAAAC",0,0.793059106830017,0,0,0,0,1,0,0,0.0781959179693569,0,0,0,0.652544350017028,0,0,0,0.103128535539694,0
"GAAGTTCCCGAAAC",0,1,0,0,0,0.254985230966675,0,0,0,0,0,0,0,0,0,0,0,0.4446851367692,0
"CGAGACCTTAAAAC",2.43773621810786e-07,0,0,0,0,0,0,0,0,0,0,0,0,0,0,1,0,0,0
"TAGAATCCTCTTTT",2.24852771500725e-25,0,0,0,0,0,0,0,0,1,0,0,0,0,0,0,0,0,0
"CCGAGATCTAGTTA",0.00116435385798218,0,0,0,0,0,0,0,0,1,0,0,0,0,0.00326817492911668,6.19243977389993e-08,0,0,0
"CAGAGAGATCATTA",0.000168362786956123,1.54313036228702e-05,0,0,0,4.89457035886939e-06,0,0,0,1,0,0,0,0,0,7.19758972028234e-07,0,0,0
"TGCGGGCACCATTA",0,0,0,0,0,0,2.28392220422871e-07,0,0,1,0,0,0,0,0.00716813746370037,0,0.00027942931078712,0,0.00978407832099964
"ATTAAAAGGATGTA",0,0,0,0,0,0,0,0,0,1,0,0,0,0,0.00382142865606288,0,0,0.000225583127850254,0
"GGTTAGTGTCGCTA",0.00584659977758417,0.000306852425404061,0,0,8.04122048350076e-08,0,0,0,0,0,0,0,0,1,0,0,0,1.17915932717455e-05,0
"AGTTAAGGTCCCTA",2.99627085387541e-07,0,0,0,0,0,0,0.000573277487727471,0,1,0,0,0,0,0,1.26272274995498e-12,0,0,0
"TCGATAAGTCCCTA",0,0,0,0,1.88281257514866e-15,0,0,0,0,1,0,0,0,0,0,0,0,0,0
"GTTCAGTCTCCCTA",0,0,0,0,0,0,2.27901024874131e-11,0,0,1,0,0,0,0,0,1.31248736381797e-11,0,0,0
"CTTTGGTGCCCCTA",5.92045600290569e-14,0,0,0,0,0,0,0,0,1,0,0,0,0,0,0,2.76656883644868e-12,0,0
"TTCCAAAAGTACTA",6.93012194873276e-06,0,0,0,0,0,0,0,0,1,0,0,0,0,0,0,0,0,0
"TCACGGTCAGACTA",0.77843601014494,0.662622862179717,0.485115325186986,0.0546776695893547,0,0,0,0,0,1,0,0,0,0,0.274779017631117,0.0702982873073123,0,0,0
"CAGCATATAGCATT",0.000127634923414006,0,0,0,4.87520764236633e-09,0,0,0,0,1,0,0,0,0,0,0.000445458086920416,0.0600720346518639,0,0
"GTTGCCAGCACATA",0,6.11431348469674e-07,0,0,0,0,3.69081010061759e-05,0,0,1,0,0,0,0,0,0,0,0,0
"TGAATGGCCTAATT",4.25365996331968e-15,0,0,0,0,0,0,0,0,1,0,0,0,0,0,0,0,0,0
"ACTTTCTTATTTGA",1.02011411762143e-05,5.03212736632926e-07,0,0,2.37073731169738e-10,0,0,0,0,1,0,0,0,0,0,0,0.0010110206263017,0,0
"ATCTTCCAATTTGA",1,0,0,0,0,0,0,0,0,2.23263882661648e-06,0,0,0,0,0,0,1.57451449197382e-05,0,3.04966722838552e-08
"ATGTAGGGCCTTGA",0,0,0,0,0,0.00237244819956599,0,0,0,1,0,0,0,0,0.291750985660701,0,0,0.00372594193162785,0.998415971522475
"TCCAAACAAATTGA",2.30402136402201e-08,0,0,0,0,0,0,0,0,1,0,0,0,0,0,0,0,0,0
"ACTGCGCTGATTGA",0,0,0,0,0,0,0,0,0,1,0,0.0130618329746323,0,0,0,0.00520291982945212,0,0,0
"GTTCGACTAATTGA",1,0,0,0,0.00327562947853117,0,0,0.132532223218907,0,0.831626923313981,0,0,0,0,0,0,0,0,0
"GTGAATTGCATTGA",0,0,0,0,0,0,0.0477301439268181,0,0,0.438466518670261,1,0.0276184109688653,0,0,0,0,0,0,0.711224957437081
"CTAACCGCGAGTGA",4.92270323059828e-07,0,0,0,0,0,5.59706030890356e-07,0,0,1,0,0,0,0,0,0,0,0,0
"CCGCACTAATCTGA",0.0255085680354845,0,0,0,6.96487392969118e-05,0,0,0,0,1,0,0,2.33906641199469e-05,0,0.0340305284675012,0,0,0,0
"CGCACGGGATCTGA",1,0.64036752040102,0,0,7.12511357541296e-05,0.00827289096490427,0,0,0,0,0,5.24117366645731e-05,0,0,4.22645325132051e-05,0,0,0,0
"TTACAATGCGCTGA",0.877625097169143,1,0,0,0.00176264365643931,0.0495129714832094,0,0,0,0.00277260973503273,0,0,0.000727096322641634,0.00348185928473406,0,0,0,0,0
"CGCCGTGTACCTGA",9.18436573477683e-05,0,0,0,0,2.23258888391901e-05,0,0,0,1,0,0,1.01368379233154e-06,0,0,0,0,0,0
"GGCTCTTCTTATGA",0,0,0,0,0,0,0,0,0,1,0,0,0,0,0,0,6.63806507273122e-07,0,0
"GAGGAACAGTATGA",1,0.628760357085446,0,0,0,0.205072696465668,0.121910381708278,0,0,0,0.00733915832815437,0.00445182578799522,0,0,0,0.00795370353390528,0,0,0
"TGCCAGGTATATGA",5.98226765356501e-11,0,0,0,0,0,0,0,0,1,0,0,0,0,0,0,0,0,0
"ACCGTCAGATATGA",0,0,0,0,0,0,0,0,0,1,0,0,0,0,0,2.1463910403072e-14,0,0,0
"TATTTTCCGGATGA",1.80914611761357e-10,0,0,0,0,3.36553500316008e-12,0,0,0,1,4.31034631754001e-05,0,0,0,0,0,0,0,0.000488661846368145
"ATTAGCCGCGATGA",1.57394792618798e-05,0,0,0,3.6247644322477e-08,0,0,0,0,1,0,0,0,0,0.00984911121730768,6.99993234527643e-07,0,5.92977284060096e-07,0.114649146041098
"ACCTGACACGATGA",0.439750804496168,0,0,0,0,0,0.293224752207109,0,1,0.0309873499364616,0,0,0,0,0,0.0369662965418858,0,0,0
"AACAGGCCAGATGA",0.00110196705822752,0,0,0,9.39052917866616e-06,0,0,0,0,1,0,0,9.23967178260124e-06,0,0,4.65408304021621e-05,0,0,0
"CCACCAACAGATGA",3.06155076332941e-11,0,0,0,0,0,0,0,0,1,0,0,0,0,0,0,0,0,0
"CAGCACTGACATGA",0,4.90821668589278e-05,0,0,9.14056618995647e-06,0,0.00095389909876672,0,0,1,0,0,0,0,0,0,0,0,0.0460024870032568
"GACTGTATCAATGA",9.52638074621002e-06,0,0,0,7.54741531655068e-14,0,0,0,0.342118602739925,0.0685336626040105,0.457627380122114,0,0,0,0.409447683949337,4.72002601239562e-10,0,1,0
"ACTCACGCTTTGGA",0.0912305098292491,0,0,1.78327862584522e-06,0,0,0,0,0,1,0,0,0,0,0.024212814284091,0,0,0,0.0576248605512303
"GGACTTTAGTTGGA",4.65354035651511e-07,0,0,0,4.38267447731054e-12,0,0,0,0,0.0214677409707339,1,0,0,0,0.0923925204717213,0,0,0,0
"AGCACGAGATTGGA",0,0.000504911989550454,0,0,0,6.23631576429834e-05,0,0,0,0.0670933873238856,0,0,0,0.424950431526934,1,7.91500510141962e-06,0,5.94030533551931e-05,0
"GCCGACGCATTGGA",0,0,0,0,0,0,0,0,0,1,0,6.32002343768364e-09,0,0,0.00293669438342141,0,0.00019551376799785,2.18219039888022e-05,0
"ACCTTTGGGATGGA",4.29111360971694e-15,0,0,0,0,0,0,0,0,1,0,0,0,0,0,0,0,0,0
"AGCTTTAGGCGGGA",1.28063302948002e-06,0,0,0,1.38040999703327e-11,0,0,0,0,1,0,0,0,0,0,0,0,0,0
"GATCAAACGAGGGA",0,0,0,2.67474687438642e-05,0,0,0,0,0,1,0,0,0,0,0,0,0,0,0
"ATGCATAACGCGGA",0,0,0,0,8.45829471998878e-14,0,0,0,0,1,0,0,0,0,0,0,0,0,0
"CTGCGTCCTCCGGA",0,0,0,0,0,0,1.58946243885611e-07,0,0,1,0,0,2.69292041122002e-12,0,0,1.17911736741924e-10,0,0,0
"TGTGTAGGGCCGGA",0,0,1,0,0.0134471909247292,0,0,0,0,0.368159782547571,0,0,0,0,0.1701361895078,0,0,0,0
"CAAGGATGTTAGGA",1,0,0,0,0.0698300016706467,0,0,0,0,0.799910434531985,0,0,0,0,0,0,0,0,0
"GTTTTGAGGTAGGA",0,0.0793654112240283,0,0,0,0,0,0,0,0,0,0.0254124645280602,0.0502671467719646,0,1,0,0,0,0.176931313301925
"ACTTTCCGTTTCGA",0,0,0,0,0,6.7428243836714e-16,0,0,0,1,0,0,0,0,0,0,0,0,0
"ACCGACATGTTCGA",0.103830750981127,0,0,0,0,0,0,1,0,0.773808072716506,0,0,0,0,0,0,0,0.0433107384983332,0
"TGGCATAGGTTCGA",1.2409897462646e-07,0,0,0,0,1.63332078207099e-08,0,0,0,1,0,0,0,0,0,0,0,0,0
"TCCATCCAGTTCGA",6.63987150201078e-06,0,0,0,8.37623819096744e-12,1.38668368551116e-08,0,0,0,1,0,8.78529978068296e-12,0,0,0.000306531502527595,0.000353257944735084,0,0,0
"ACTACGGGATTCGA",0,0,0,0,3.02829261391476e-06,0,0.000716884686927072,0.0426111114868986,0,1,0,0,0,0,0,0,0,0,0
"GCAGAGAGAGTCGA",0,0,1,0,0,0.00158566085428713,0,0,0,0,0,0,0.000482915629023508,0,0.830568752645219,0,0.00279050993218354,0,0
"AATCGCCCCCTCGA",0.0701954332931693,0,0,0,0,0,0.0118728203700642,0,0,1,0,0,0,0,0,0,0.00870517054856447,0,0
"GCCTTGTCTATCGA",0,0,0,0,9.70016327232914e-05,0,0,0,0,1,0,0.00157956513503347,0,0.661715184403944,0.887523627630767,0,0,0,0
"GGCTCGATGATCGA",4.20509801825794e-06,0,0,0,0,0,0,0,0,1,0,0,0,0,0,1.35354987164421e-07,0,0,0
"ACCGTTTAGATCGA",0,0,0,0,4.65813613050276e-06,0,0,0.0078686438561997,0,1,0,0,0,0,0,1.4130285061676e-05,0,0,0
"TAGTCTTGTCGCGA",0,0,0,1.5099903763219e-12,0,0,2.61315920176844e-08,0,0,1,0,0,0,0,0,9.15837916972381e-11,0,0,0
"TAACGGGAACGCGA",3.5963975249891e-05,0,0,0,0,0,0,0,0,0,0,0,0,0,1,0,0,0.00148838466073973,0
"AAAACAACTAGCGA",0.0142525584523794,0,0.155117068081351,0,0,0.0014047462417177,0.129674271178501,0,0,1,0,4.88321641465898e-05,0,0,0,0,0,0,0
"AAGTCCAGGAGCGA",0.00677794794491684,0.000173305266379528,0,2.66096666229596e-15,0,1.24746200326341e-10,8.00001696710177e-09,0,0,0,0.000709976203861911,0,0,0,0.000265507398025496,0,0,1,0
"TTTTCACAGAGCGA",2.31469253629592e-08,0,0,0,2.00677678188847e-15,0,2.78835805147184e-09,0,6.46836496674256e-06,1,0,0,0,0,0,0,0,0,0
"ACCACCAAGAGCGA",0.0327889238719858,0,1,0,0.00342671452511162,0,0,0,0,0,0,0.00170001446184959,0,0,0.806754950928852,0,0,0.0848658344488749,0
"ACAAGGGTGTCCGA",0,0,0,0,0,0,1,0,0,0.000420956904816931,0,0,0,0,0.143191461440815,0.132563949632134,0,0,0
"CCAGACCCGGCCGA",0,0,0.013550683310859,0,0,0,2.04861403734229e-06,0,0,1,0,0,0,0,0,0,0,0,0
"GAGGTTCACCCCGA",8.53595132452903e-09,0,0,0,0,0,9.09944224438389e-11,0,0,0,0.0964440354017278,0,0,0,0.0387125899021063,4.54281090570384e-15,0,1,0
"TTTCTGACTACCGA",1.1560214535028e-11,0,0,0,0,0,0,0,0,1,0,0,0,0,0,0,0,0,0
"CTCACGCCCACCGA",3.08079617399447e-08,0,0,0,0,0,0,0,0,1,0,0,0,0,0,0,6.96038248004481e-05,0,0
"ACATGGCCCTACGA",0,0,0,2.15235540077877e-09,1.84813964663367e-10,3.24187550365126e-08,0,0,0,1,0,0,0,0,0,2.51860663599335e-08,0,0,0
"ACACGCTCATACGA",2.14493564074615e-05,4.85141204938003e-06,0,0,1,0,0,0,0,0,0,0,0,3.40539827151136e-08,0,1.41503857714924e-07,0,0,0
"AAGATCTCTGACGA",0,0,0,0,0.00620456916778648,0,0,0,0,1,0,0,0,0,0,0,0,0,0
"TCGCCGTTTTTAGA",2.18295084978937e-05,0,0,0,0,0,0,0,0,1,0.0259289747184622,0,3.81286757480418e-08,0,0,0.00632457568927185,0,0,0
"ACTGAGTGATTAGA",0.30081310496207,0,0,0,0,0,0,0,0,1,0,0.0161903093870167,0,0,0.24534091059047,0,0,0,0
"TCCTCAGGCGTAGA",0,0,0,0,0,0.000475051462888735,0,0,0.186164488244109,0.0381481632009235,0,0,0,1,0,0,0,0,0
"AATGGACTTCTAGA",0,0,0,0,0,0,0,0,0,1,0,0,0,0,0,3.54183898377172e-06,0,0,0
"TCATTGCCCCTAGA",0,0,0,0,0,0,0,0,0,1,0,0,0,0,0,1.78911294498883e-07,0,0,0
"CCCTTGCCTTGAGA",0.141653835946639,0.0178751404171632,0,7.53406669571497e-11,0,4.19413561215409e-06,8.89571964815679e-06,0,0,7.47962594691409e-09,0,0,0,0,2.32198052116296e-08,1,0,4.24484405014358e-16,0
"GTCTGTACATGAGA",0,0,0,0,0,0,0,0,0,1,0,0,4.97794397991371e-08,0,0,0,0,0,0
"ATTTAACAAGGAGA",0.812616367238262,1,0,0,0,0.00570608286885068,0.00562742820404722,0,0,0,0,0,5.10810179460667e-06,0,9.07809229981793e-07,3.72714757709064e-05,0,0,0
"CGTACCCGTTCAGA",0,0.137655634569016,0,0,0.00491703381768874,0.0691857237750032,0,0,0,0.0440425988995703,0,0,0,1,0,0.0510302840676758,0,0,0
"CGCGAGTCCCCAGA",0,4.1208920794771e-11,0,0,1.15870618016342e-12,0,0,0,0,1,0,0,0,0,0,0,0,0,0
"GGGAGCCTACAAGA",0,5.17664135614571e-10,0,0,0,4.13386552299716e-10,5.68783888312753e-07,0,0,0,0,0,0,0,0.00168267636019823,0,0,1,0
"AGATTCTGACAAGA",0.335878401606641,0,0,0.00151696009132487,0.000467857000266289,0,0,0,0,1,0,0,0,0,0.0762465304437991,0,0,0,0
"ACCCGCTCGAAAGA",0,0,0,2.30058937078949e-09,0,0,0,0,0,1,0,0,0,0,0,0,5.95218567243421e-05,0,0
"TTGCTTAATTTTCA",1.76553979643053e-15,0,0,0,0,0,0,0,0,1,0,0,0,0,0,0,0,0,0
"CATTCCCACTTTCA",9.06574458430412e-08,0,0,0,0,0,0,0,0,1,0,0,0,0,2.06844922932755e-05,0,0,0,0
"GGACATTGATTTCA",2.3619353895528e-05,0,0,0,0,0,0,0,0,1,0,0,0,0,0,0,8.47186651231687e-05,0,0.0243578389045354
"AATACATGGGTTCA",1.36032252777168e-06,0,0,0,0,0,0,0,0,1,0.0247896457806372,0,0,0,0,3.10040464172993e-08,0,0,0.0681284322848684
"AGGCAAATCCTTCA",0,1.1844007150514e-06,0,0,0,0,0,0,0,0,0,0,0,0,1,0,0,0,0
"GGTTTTGTTATTCA",1,0,0,0.00154816728438417,0,0,0,0,0,0,0,0,0,0,0,0.018247115766257,0.0719747728675791,0,0
"AAGAATTAGATTCA",0,0.0625562235853532,0.985247522687245,0,0,0.27306178323575,0,1,0,0,0,0,0.156365080683081,0,0,0.0312128881715517,0,0.0686205074560438,0
"CCCTTACAAATTCA",0,0,0,0,0,0,0.000478563395685064,0,0,1,0,0,0,0,0.0404415577623541,0,0,0,0
"CGGTGTTTACGTCA",7.78642169864352e-05,0,0,0,0,0,0,0,0,1,0,0,0,0,0,0,0.000146907697747608,0,0
"TCCGGTCCGAGTCA",1.51466877322166e-08,1.66958492563494e-10,0,0,1.99148588104822e-16,0,0,0,0,1,0,0,0,0,0,0,0,0,0
"TCAAAGAAAAGTCA",2.90130754208026e-05,0,0,0,0,0,0,0,0,0,0,0,0,1,0.588234344738924,0,0.000177532676611207,0.037692089125868,0
"CGAGACTATTCTCA",7.75942184053528e-11,0,0,0,4.65396795070152e-18,0,0,0,0,1,0,0,0,0,0,0,0,0,0
"ACTGCCTGAGCTCA",6.82046070642129e-08,0,0.00153711939113104,0,0,0,0,0,0,1,0,0,0,0,0,4.02084095398621e-11,0,0,0
"GTCTCGTCATATCA",9.3822103520804e-07,0,0,0,0,5.66166859250714e-08,0,0,0,1,0,0,0,0,0,9.81469703142973e-09,0,0,0
"TAACATTCTTTGCA",0.767184219704397,0.0575176990523766,0,0,0,0.0213391035291857,0,0,0,0,0,0,0,0,0.0399710545797739,0,1,4.7818518616029e-06,0
"GAGTCAATATTGCA",0.00582734898130055,0,0,0,0,0,0,0,0,1,0,0,0,0,0,0,0,0,0
"TTTCTTCCTATGCA",0,0,0,0,3.80146720264429e-18,0,0,0,0,1,0,0,0,0,0,0,0,0,0
"CTGTTCGGTCGGCA",3.33172738708336e-08,0,0,0,0,0,0,0,0,1,0,0,0,0,0.194726011807079,1.59744210311749e-11,0,0.530729642556006,0
"CTCAGCCCGCGGCA",0.002146525350683,0,0,0,2.35193356130438e-08,1.55966014983656e-05,0,0,0,0,0,1.41755346553139e-07,0,0,0.00131887879461019,0,0,1,0
"TGATTCTTCCGGCA",1.88089645423233e-14,0,0,0,1.22942848262519e-24,0,0,0,7.28192754385032e-09,1,0,0,4.03319618910431e-23,0,0,0,0,0,0
"TTATCGACGAGGCA",0,0,0,0,0,0,0,0,0,1,0,0,0,0,0,0,5.29360846714875e-13,0,0
"CTTGTTTCAAGGCA",0.0904196873338204,0,0,0,0,0,0.0550710037266371,0,0,1,0,0,0.00151696634336915,0,0,0.0155489577375654,0,0,0.0116106406052925
"TTTAGCTTCGCGCA",1,0.786130126934954,0.000790816945053908,0,0,0,0.032173531294402,0,0,0,0,0,0,0,0,0,0,3.09953064520874e-07,0
"CGGGGCACCGCGCA",7.80818953043568e-10,0,0,0,0,0,0,0,0,1,0,0,0,0,0,0,0,0,0
"GTCGAGAAAGCGCA",0.00582877549801113,0,0,0,0,0,0,0,0,1,0,0.000344281821167573,0,0,0,0.000557382279643194,0.0284653609955316,0.00089781131004117,0
"CCGACTGATCCGCA",0,0,0,0,9.32402506025477e-10,0,0,0,0,1,0,0,0,0,0,0,0,0,0
"GTCTTATGCCCGCA",0,0,0,0,3.99524023557158e-07,0,0,0,0,1,0,0,0,0,0.0148786187054342,8.34736856072278e-06,0,0,0
"TTTACCAAGGAGCA",0,0,1.34396765559122e-08,0,1.47023174998736e-23,0,0,0,0,1.08129687363339e-10,0,0,0,0,0,0,0,1,0
"ACAAAATTCGAGCA",0,0,0.139284698462879,0,0,0,0,0,1,0.353163496934565,0,0,0,0,0.0666670840603359,1.75468310671854e-05,0.0534936408356634,0,0
"TAATTCTAAGAGCA",3.207450949583e-05,0,0,0,0,0,0,0,0,1,0.00460879260612722,0,0,0,0,6.14074259196729e-06,0.0018614576135628,0,0
"GACTGTCAGCTCCA",2.19637867338246e-11,0,0,0,0,0,0,0,0,1,0,0,0,0,0,0,0,0,0
"AAGCCGAGGTGCCA",0,0,0,0,0,0,3.92603866735905e-10,0,0,1,0,0,0,0,0,0,1.65011175881502e-06,0,0
"ATACTTTCCGGCCA",0,0,0,0,2.4734270910104e-13,0,0,0,0,1,0,0,0,0,0,0,0,0,0
"TAACCCAAGAGCCA",0.142034476615233,1,0,0,0,0,3.28909418791663e-10,0,0,2.41532427523071e-11,0,0,2.85292041442875e-17,0,0,0,0,0,0
"CTAAATGCAAGCCA",2.4460284010378e-05,0,0,0,0,0,1.63718677760048e-05,0.0111745072148983,0,1,0,0,0,0,0.00257548519909679,6.55868507055344e-07,0,0,0
"TCCTCAACATCCCA",0,1,0,0,0.0494527803468961,0,0,0.000676561314580533,0,0,0,0.00788516579298022,0.00776688406776707,0,0,0,0,0.00219905429240201,0
"ACAAAATGCCACCA",0,0,0.207910219447284,0,0,0,0,0,0,1,0,0,0,0,0,0,0.0232607471164266,0,0
"GTTCGAATTCTACA",0,0.0110382957678004,0,0,0.0703130459966658,0,1,0,0,0,0,0,0,0.585480642110513,0,0,0,0,0
"ATAGTTCATGGACA",0.00339961496719281,0.00086658509375554,0,0,0,0,0,0,0,1,0,0,6.88861874418382e-06,0,0,4.33911471151729e-05,0.0897593442725235,0,0
"ACCCCGTAGGGACA",0,1.6957978795208e-13,0,0,0,0,0,0,0,4.29672552648949e-07,0,7.59583008123355e-19,0,1,0.0872215782326073,0,0,0.00262422074708587,0
"GCACGTTCCGGACA",0.00368154345117881,0,0,0,0,0,0.00834047554886574,0,0,1,0,0.000113312377752097,0,0,0,0.000799826807717337,0,0,0
"CAATTACGTCGACA",0,6.94842099871439e-08,0,0,0,0,0,0,0,1,0,0,0,0,0,0,0.000126629142126295,0,0
"CGGAAACCCCGACA",5.36950025881787e-09,0,0,0,0,0,0,0,0,1,0,0,0,0,0,0,0,0,0
"GCCGTAGTCAGACA",0,0,0.0478115781943752,0,0,8.35188988645286e-05,6.73353679378764e-05,0,0,1,0,0,0,0,0,0,0,0.000111800525719482,0
"ACGGGCCGATCACA",0,0,0,0,0,0,0,0,0,1,0,0,0,0.028791188916712,0,6.40472957672345e-06,0,0,0
"TCAAACCAATCACA",0.00141824826247869,0,0,0,3.54926390200821e-05,0,0,0,0,1,0,0,0,0,0,3.58388968383183e-05,0,0,0
"GTGGTTGTCGAACA",1,0.0257535453522636,0,0,0,2.20760037503251e-05,2.53179723219189e-06,0,0,4.0536078856249e-08,0,0,0,0,4.92090727410837e-07,1.18175584614296e-08,0,1.86673267380991e-08,0
"AAACAGCGAGAACC",0,0,0,0,0,0,0,0,0,1,0,0,0,0,3.13610392513855e-05,1.2089268387559e-11,0,0,0
"TCCGGTAGCTTTAA",0,0.736133418240614,0,0,0,0.0118682623289448,0.00962821004795707,0,0,0,0,0,0,1,0.509721477431035,1.20780134812992e-05,0,0,0
"ATTCTGCGATTTAC",3.51192363384496e-14,0,0,0,0,0,0,0,0,1,0,0,0,0,0,0,0,0,0
"CTGGACAGACTTAA",0.00547197714474591,0,0,0.000587269295278964,0.00159648216465726,0,0,0,0,1,0,0,0,0,0,0.000989713435441872,0,0,0
"GGGATCCTTATTAC",0,0,0,0,7.31684780168053e-07,2.60403802143129e-06,0.00252403646594197,0,0,0.0031629551765066,0,0,0,0,0.0439911788959529,0,0.00148148584673344,1,0
"CCCTTTTCCATTAA",1,0,0,0,0,0.000381830431069257,0,0,0,1.43719422733646e-06,0,0,0,0,0,5.55766439293265e-07,0,0,0
"GCTCACTCAATTCA",0,0,0,0,3.57072795435179e-10,0,0,0.0040935878376416,0,1,0,0,0,0,0,4.40563738658182e-08,0,0,0
"GAGCCACCTGGTAA",8.2268752966615e-12,3.09417782093792e-13,0,2.15525615401281e-17,9.54838723427329e-19,1.05126331971841e-14,0,0,0,0,0,0,0,0,3.00832828658902e-07,0,0,1,0
"AGCTTTTTGAGTAA",2.73386234138599e-08,0,0,0,0,0,0,0,0,1,0,0,0,0,0,0,0,0,0
"GCTGGTGGGAGTAC",2.05618603239225e-09,0,0,0,0,0,0,0.000319988489772809,0,1,0,0,0,0,0,0,0,0,0
"AAGGCGCAGAGTAC",8.80764377897155e-12,0,0,0,0,0,0,0,0,1,0,0,0,0,0,0,0,0,0
"AAACGGTTAAGTAA",0.393374012590834,1,0,0,8.29034730658073e-10,7.63630926668924e-06,0,0,0,0,5.98825122955424e-09,0,0,0,0,9.21493997227104e-10,1.31591853422137e-05,3.11809706055925e-13,0
"TCGGGCATAAGTCA",0.000251962957826312,0,0,0,0,0,0.000372663502049786,0,0,0,0,0,0,0,0,1,0,0,0
"CGCCTTGTGTCTAA",0,0,0,0,0,7.90460960362092e-07,0,0,0,1,0,0,0,0,0,0,0,0,0
"GGAGGCTTATCTAA",1,0.322196374118631,0.00639554793953331,0,0,0.0124592724728473,0.00395338633981992,0,0.0013573137550339,0,0,0,0,0,0,0,0,4.34474861116939e-06,0
"ATTGGGTACGCTAA",0,0.00652240223707842,0,0,0,0,0,0,0,0,0,0.00185446777522866,0,1,0.0217699363191054,0,0,0,0
"GACATGGTACCTAA",0.00495787078650816,0.00195273707550879,0,0,0,0,0.00278501376169287,0,0,1,0,0,6.32101895705711e-05,0,0,0,0,0,0
"TAGGAAAGGTATAC",2.34454290066771e-05,0,0.233414801503976,0,0,0,0,0,0,0.000482167349416536,1,6.59931369740238e-11,0,0,0,0,0,0,0.00212255703580293
"GATAGGGAGTATAA",0.000125714178851023,0,0,0,0,0,0,0,0,1,0,0,0,0,0,0,0,0,0
"GAGCCCTGCTATAC",2.53848490520641e-09,0,0,0,0,0,0,0,0,1,0,0,1.70815875914455e-15,0,0,0,0,0,0
"CGCAGGCCCTATAA",5.6467926557297e-08,0,0,0,0,0,0,0,0,1,0,0,0,0,0,3.05903656644305e-09,0,0,0
"TTCGGTTGTGATAA",0,0,7.28640346950934e-08,0,0,0,0,0,0,1,0,0,0,0,0,0,0,0,0
"TCAACCCCTGATAA",4.38915929090438e-06,0,0,0,0,0,0,0,0,1,0,0,0,0,0,1.0206020946952e-07,0,0,0.0154112564104306
"TAACATCTCGATAC",0.000153201662306823,1.60378449455925e-06,0,2.43582076055042e-18,0,0,0,0,0,0,0,1.16518990474025e-20,0,1,0,0,0,0,0
"TAGCCCATAGATAC",1.17633977022248e-09,0,0,0,0,0,0,0,0,1,0,0,0,0,0,0,0,0,0
"ACTTAAAGAGATAC",0,0,0,0,0,0,0,0,0,1,0.000573616065403696,0,1.6364045667764e-14,0,0,0,0,7.6276214635747e-10,0
"AGAGGTACAGATAA",0.0716479311483527,0,0.110307799008775,0,0,0,0,0,0,1,0,0,0,0,0.0506014593319678,0,0,0,0
"CCCTACCAAGATAA",1,0.539322018804654,0,0,0,0.260623591766325,0,0,0,0,0,0,0,0,0.627273820824418,0,0,0.599990115678566,0
"TAGGGAGGACATAC",0.000164784357418493,0,0,0,9.59193963714165e-08,0,0,0,0,1,0,0,0,0,0,0,0,0,0
"ATGCTTGCGACTAA",0,0,0,0,0,0,3.28290119745994e-05,0,0,1,0.00851718954631509,0,0,0,0,2.14451064858941e-06,0,0,0
"TCACCCTGGTTGAA",1,0,0,0,0,0,0,0,0,0.00105871782037897,0,0,0,0,0,1.64402130575298e-06,0,0,0.00100836554438351
"CAAAGCCCGTTGAA",1,0,0,0.0780256235149847,0,0.739302260394623,0,0,0,0.0249413470682754,0,0,0,0,0.64730158612138,0,0,0,0
"GCTCGTGAGTTGAA",3.34820055157375e-06,0,0,0,1.52840842687597e-09,1.82988990006486e-07,0,0,0,1,0,0,0,0,0,0,0,0,0
"TCTGCTAACTTGAA",1.91693335040633e-09,0,0,1.44104224423709e-35,0,0,0,0,0,1,0,0,0,0,0,0,4.96376034480598e-11,1.1097990490019e-30,0
"AATATTTGCCTGAA",7.85490339308993e-09,0,0,0,0,0,0,0,0,1,0,0,0,0,0,4.5463528727274e-10,0,0,0
"ATGATTCCGATGAA",1,0.997375323035533,0.129489265895813,0,0,0.126125737349678,0,0,0,0,0,0.000250514685255182,0,0.071522733410209,0,0,0,0.00149348459754058,0
"CATCCATGCATGAA",1,0.20261778861731,0,0,0,2.32408688669966e-05,1.16066706010208e-05,0,0,1.76394958038089e-08,0,0,0,0,3.48335929392506e-09,1.70335115000307e-09,0,0,0
"TCGTCGAGGTGGAC",0.0135604829441249,0,0,0,0,0,0,0,0,1,0,0,0,0,0,0,0,0,0
"ATTCATGCAGGGAA",0.0274835087016062,0,0,0,0,0,0.103106333684449,0,0,0.0822188428618341,0,0,0,0,0,1,0,0,0
"CGTCCAACAGTTAA",0,0,0,0,0,0,0,0,0,1,0,0,0,0,0.0975512185516641,0,0,0,0
"CTTTTGCTCCGGAA",0,0,0,0,0,0,0,0,0,1,0,0,0,0,2.09354690983444e-05,1.14394599064563e-09,0,0,0
"ACAACAGCACGGAA",0,3.82110732521037e-06,0.658557171563188,5.52900623401679e-10,0,0,0,0,0,0,0,0,0,0,1,0,0,0,0
"AACCATCCGAGGAA",0,0,0,0,0,0,0,0,0,1,0,0,0,0,0,0,0,0.000288028812410396,0
"TCGACAATTTCGAA",0,0,0,0,0.000371748956126533,0,0,0,0,1,0,0,0,0,0,0,0,0,0
"CACTGTGTGTCGAA",1,0.195207555586141,0,0,0,0.116564866701697,0.100851509567024,0,0,0.000185585134764024,0,0,0,0,0,0,0,0.000384317157523671,0
"CGGCGTCCTCCGAA",3.06282365681758e-05,0,0,0,3.30485147198426e-10,1.77688877739605e-06,1.06926874513004e-05,0,0,1,0,0,0,0,0,2.41940728785994e-07,0,0,0.0160285512328135
"TCCAGGGTCCCGAA",0,0,0,0,0.000290278449510883,0,0,0,0,1,0,0,0,0,0,0,0,0,0.0417976711751528
"GACGAAGTGTAGAA",0,0,0,0,0.000390923275407134,0,0,0,0,1,0,0,0,0,0,0.000914443506435513,0,0,0
"CTACACTTATAGAC",0,0,0,8.68756955979788e-33,0,0,0,0,0,6.47964207911877e-20,0,0,2.15904459964211e-36,0,9.3719727068243e-18,0,0,1,5.27761971440597e-19
"TCGCACCATGAGAA",0,0,0,3.35125608539333e-05,7.66867211908022e-06,0,0,0,0,1,0,2.49637536234386e-05,0,0,0,0,0.0102650222059445,0.000234313604790412,0
"TTGGACAGCGAGAC",0,0,0,0,0,0,0,0,0,1,0,0,0,0,0,1.27147609113971e-07,0,0,0
"GTCAATCGAGAGAC",0.0269646189524632,0,0,0,0,0.108341806299999,0,0,0,1,0,0,0,0.0919363394117316,0,0,0,0,0
"TTCACCTGTTTCAA",6.19894119318078e-06,0,0,0,0,0,0,0,0,1,0,0,0,0,0.000265778269366593,0.00252955069081001,0,0,0
"CGTCGGGCGTTCAA",0,0,0,0,0,0,0,0,0,0,6.93711814366625e-10,0,0,0,0,1,0,0,0
"GAAGGGGCATTCAA",0,0.000436164633400827,0,0,9.98160290285636e-05,0,0.00318170707751297,0,0,1,0,0,0,0,0,0,0,0,0
"TGCTATGAAGGCAC",1,0,0,0,0,0.450810609692805,0,0,0,0.269676263882071,0,0,0,0,0.220948403627207,0,0,0.234332123546813,0
"AGAGCCAGTCGCAA",2.93278791981219e-11,5.71913651518795e-13,0,0,0,0,5.17929899345032e-15,0,0,1.89991377507119e-09,0,0,0,0,5.1196789340523e-08,1.43168624063874e-17,0,1,0
"CCCTTAGTTAGCAA",2.33558042035745e-06,0,0,9.91715867630148e-11,0,7.06733957089666e-09,0,0,0,1,0,0,0,0,0,0,0,0,0
"TAGCTGCTGAACAA",0.000246320504671723,0,0,0,0,0,0,0,0,1,0,0,0,0,0,6.88413548486772e-07,0,0,0
"CGTCAAATGAGCAA",1.17329927281666e-07,6.20180148967421e-08,0,0,0,0,0,0,0,4.1651344958415e-05,0,0,0,1,0,0,0,0,0
"GCATTTGCGAGCAA",0.00664007612155867,0,0,0,0,0,0,0,0,1,0,0,0,0,0.0253707419908328,0.0663627384889331,0,0,0
"CGCTTCACCAGCAA",0,1.67964277119577e-08,0,0,0,0,0,0,0,1,0,0,3.7104384038371e-10,0,0,1.0595270754278e-09,0,0,0
"GGATCTCTTTCCAC",0,0.882752725231947,0,0,0.288266730653687,0,0,0,0,0,0,0,0,0,0.809337654563593,0.432103836187718,0,1,0
"TCTGAAAACGCCAA",0.627371638414004,1,0,0,0,0,0,0,0,0.0532663277737951,0,0,0,0,0.0429739382722077,0,0,2.81426283694447e-05,0
"TAATTACGTCCCAA",7.70789626532385e-10,0,0,0,0,0,0,0,0,1,0,0,0,0,0,1.76998411874421e-12,0,0,0
"GAAACTCGCCCCAA",0,0,0.000487329059688708,0,0,0,0,0,0,1,0,0,0,0,0,8.93507214821252e-09,0,0,0
"AACGCCAAGACCAA",1.39512564440984e-05,0,0,0,0,0,0,0,0,1,0,0,3.96938362888377e-08,0,0,0,0,0,0
"TAGGTGTGGTTAAA",0.00256212022962361,0,0,0,1.30772824439931e-05,0.000188673850553565,0,0,0,1,0,0,0,0.0222679875344333,0,0,0,0,0
"TAGCTTGCGTTAAA",0.032435236152717,0.0110356069449096,0,0,4.75383063337595e-05,0.00491839906479318,0,0,0,0.040425491012555,0,0,0,1,0,0.000268420092529156,0,0.000597702732898538,0
"CGGTGTGACTTAAA",0.0655785740684801,0,0,0,0,0,0.165502877125663,0,0,1,0.167649000699185,0,0,0,0,0.900991025399685,0,0,0
"AAACACCTCCTAAA",1.20381314781913e-09,0,0,0,0,0,0,0,0,1,0,1.87039414599866e-14,5.87315131374973e-15,0,3.71062324125286e-06,1.36595683815081e-11,0,0,0
"TAGAAAATTATAAC",3.39043639835306e-05,0,0,0,0,0,0,0,0,1,0,0,0,0,0,0,0,0,0
"AAGCGGTAATGAAC",0,0,0,0,0,0,0,0,0,1,0,8.10311706518139e-07,0,0,0.00582198902006828,0,0,0,0
"GGACGGGATAGAAC",0,0,0,0,0,0,0,0,0,1,0,0,0,0.00531014569975338,0,0,0,0,0
"GTCTCACTGAGAAC",0,0,0,0,0,0,0,0,0.000204850996514371,0,0,0,0,0,1,0,0,0,0
"AATCCAAGATCAAA",0.259880995646902,0.198034002862495,0,0,0.0777572523637714,0,1,0,0,0.000202316301844046,0,0,0,0,0,0,0,0,0
"GCAAGGGATGCAAA",0.00900278397829364,0,0,0,0.00177270672740481,0,0,0,0,1,0,0.00371902932999398,0.00361793375923807,0,0,0,0,0,0
"GGAGCTGTCGCAAA",0,0.849490398979628,0,0,0.234430835872484,1,0.661150706788461,0,0,0.00465496244459986,0,0,0.223985821189805,0,0,0,0,0.0031527534395725,0
"GGGACGCGCGCAAA",0.0514285649947211,0.00908474018338516,1,0,0,0,0.000538732964426821,0.574169458450491,0,0.312209187557761,0.274708195578363,0,0,0,0,0,0,0.000300970747506562,0
"ATTCAAACCGCAAA",0,0,0,0,0,0,0,0,0,1,0.0112388327223349,0,0,0,0,0,0,0,0
"GTTGTCGCGCCAAA",1.73036014237587e-08,0,0,0,0,0,0,0,0,1,0,0,0,0,0,0,0,0,0
"TAGACGACGCCAAA",3.78679239927976e-12,0,0,0,0,0,0,0,0,1,0,0,1.0137198209413e-19,0,0,0,3.15732435695618e-08,0,0
"GCAGACGGCCCAAA",0,0,1,0,0,0.0267958595348116,0,0,0,0.0534054020510894,0,0,0,0,0,0,0.257654271442732,0,0
"GGTACCAGCCCAAA",0.000189390112697662,0,0,0,0,0,0,0,0,1,0,2.86308942261806e-06,0,0,0,0.000167984388791538,0,0.000242974301808088,0
"CCGTGAAACCCAAA",0,0,0,0,2.13729193263058e-06,0,0,0,0.00614193421211135,1,0,0,0,0,0,0,0,0,0.054401280970934
"AAGACCAAGACAAA",0,1,0,0,0,0,1.47543573322959e-08,0,0,1.41370432077657e-08,0,0,0,0,2.30793672669021e-07,0,0,8.92531118824465e-10,0
"TCTTACATTTCAAA",3.6062211005531e-12,0,0,0,0,0,0,0,0,1,0,0,0,0,0,0,0,0,0
"ATATGTAATGAACA",0,0,0,0,1.7201431001443e-16,0,0,0,0,1,0,0,2.97144945845343e-15,0,0,6.79192364743657e-12,0,0,0
"TCTAAAAGCGAAAC",0.315792419354389,1,0,0,1.75945321908454e-07,0,0,0,0,2.14671635565442e-06,0,0,0,0,3.30544980586748e-06,0,0.00087705324394273,6.15487164213092e-10,8.19164244556991e-07
"TTGAAAAAAAAAAA",0.135578459779554,0,1,0,0.000592725050018798,0.0646192260051393,0,0,0.879492750407822,0.267921479624753,0,0,0,0,0,0,0,0,0
